StateFIPS,CountyFIPS,County,Party,Candidate,Method,Votes
13,001,Appling,D,Ossoff,AbsenteeMail,553
13,001,Appling,D,Ossoff,AdvancedVoting,845
13,001,Appling,D,Ossoff,ElectionDay,352
13,001,Appling,D,Ossoff,Provisional,3
13,001,Appling,D,Ossoff,Total,1753
13,001,Appling,L,Hazel,AbsenteeMail,21
13,001,Appling,L,Hazel,AdvancedVoting,74
13,001,Appling,L,Hazel,ElectionDay,33
13,001,Appling,L,Hazel,Provisional,0
13,001,Appling,L,Hazel,Total,128
13,001,Appling,R,Perdue,AbsenteeMail,837
13,001,Appling,R,Perdue,AdvancedVoting,3774
13,001,Appling,R,Perdue,ElectionDay,1686
13,001,Appling,R,Perdue,Provisional,9
13,001,Appling,R,Perdue,Total,6306
13,003,Atkinson,D,Ossoff,AbsenteeMail,123
13,003,Atkinson,D,Ossoff,AdvancedVoting,430
13,003,Atkinson,D,Ossoff,ElectionDay,220
13,003,Atkinson,D,Ossoff,Provisional,0
13,003,Atkinson,D,Ossoff,Total,773
13,003,Atkinson,L,Hazel,AbsenteeMail,3
13,003,Atkinson,L,Hazel,AdvancedVoting,26
13,003,Atkinson,L,Hazel,ElectionDay,23
13,003,Atkinson,L,Hazel,Provisional,0
13,003,Atkinson,L,Hazel,Total,52
13,003,Atkinson,R,Perdue,AbsenteeMail,170
13,003,Atkinson,R,Perdue,AdvancedVoting,1392
13,003,Atkinson,R,Perdue,ElectionDay,709
13,003,Atkinson,R,Perdue,Provisional,1
13,003,Atkinson,R,Perdue,Total,2272
13,005,Bacon,D,Ossoff,AbsenteeMail,187
13,005,Bacon,D,Ossoff,AdvancedVoting,276
13,005,Bacon,D,Ossoff,ElectionDay,127
13,005,Bacon,D,Ossoff,Provisional,1
13,005,Bacon,D,Ossoff,Total,591
13,005,Bacon,L,Hazel,AbsenteeMail,9
13,005,Bacon,L,Hazel,AdvancedVoting,37
13,005,Bacon,L,Hazel,ElectionDay,24
13,005,Bacon,L,Hazel,Provisional,0
13,005,Bacon,L,Hazel,Total,70
13,005,Bacon,R,Perdue,AbsenteeMail,465
13,005,Bacon,R,Perdue,AdvancedVoting,3047
13,005,Bacon,R,Perdue,ElectionDay,417
13,005,Bacon,R,Perdue,Provisional,0
13,005,Bacon,R,Perdue,Total,3929
13,007,Baker,D,Ossoff,AbsenteeMail,230
13,007,Baker,D,Ossoff,AdvancedVoting,273
13,007,Baker,D,Ossoff,ElectionDay,145
13,007,Baker,D,Ossoff,Provisional,0
13,007,Baker,D,Ossoff,Total,648
13,007,Baker,L,Hazel,AbsenteeMail,2
13,007,Baker,L,Hazel,AdvancedVoting,7
13,007,Baker,L,Hazel,ElectionDay,4
13,007,Baker,L,Hazel,Provisional,0
13,007,Baker,L,Hazel,Total,13
13,007,Baker,R,Perdue,AbsenteeMail,131
13,007,Baker,R,Perdue,AdvancedVoting,451
13,007,Baker,R,Perdue,ElectionDay,289
13,007,Baker,R,Perdue,Provisional,2
13,007,Baker,R,Perdue,Total,873
13,009,Baldwin,D,Ossoff,AbsenteeMail,2837
13,009,Baldwin,D,Ossoff,AdvancedVoting,4445
13,009,Baldwin,D,Ossoff,ElectionDay,1500
13,009,Baldwin,D,Ossoff,Provisional,1
13,009,Baldwin,D,Ossoff,Total,8783
13,009,Baldwin,L,Hazel,AbsenteeMail,93
13,009,Baldwin,L,Hazel,AdvancedVoting,223
13,009,Baldwin,L,Hazel,ElectionDay,110
13,009,Baldwin,L,Hazel,Provisional,0
13,009,Baldwin,L,Hazel,Total,426
13,009,Baldwin,R,Perdue,AbsenteeMail,1291
13,009,Baldwin,R,Perdue,AdvancedVoting,5733
13,009,Baldwin,R,Perdue,ElectionDay,1845
13,009,Baldwin,R,Perdue,Provisional,4
13,009,Baldwin,R,Perdue,Total,8873
13,011,Banks,D,Ossoff,AbsenteeMail,325
13,011,Banks,D,Ossoff,AdvancedVoting,420
13,011,Banks,D,Ossoff,ElectionDay,152
13,011,Banks,D,Ossoff,Provisional,2
13,011,Banks,D,Ossoff,Total,899
13,011,Banks,L,Hazel,AbsenteeMail,27
13,011,Banks,L,Hazel,AdvancedVoting,106
13,011,Banks,L,Hazel,ElectionDay,56
13,011,Banks,L,Hazel,Provisional,1
13,011,Banks,L,Hazel,Total,190
13,011,Banks,R,Perdue,AbsenteeMail,982
13,011,Banks,R,Perdue,AdvancedVoting,5048
13,011,Banks,R,Perdue,ElectionDay,1595
13,011,Banks,R,Perdue,Provisional,11
13,011,Banks,R,Perdue,Total,7636
13,013,Barrow,D,Ossoff,AbsenteeMail,3334
13,013,Barrow,D,Ossoff,AdvancedVoting,4966
13,013,Barrow,D,Ossoff,ElectionDay,1762
13,013,Barrow,D,Ossoff,Provisional,4
13,013,Barrow,D,Ossoff,Total,10066
13,013,Barrow,L,Hazel,AbsenteeMail,243
13,013,Barrow,L,Hazel,AdvancedVoting,589
13,013,Barrow,L,Hazel,ElectionDay,361
13,013,Barrow,L,Hazel,Provisional,0
13,013,Barrow,L,Hazel,Total,1193
13,013,Barrow,R,Perdue,AbsenteeMail,4024
13,013,Barrow,R,Perdue,AdvancedVoting,16606
13,013,Barrow,R,Perdue,ElectionDay,5685
13,013,Barrow,R,Perdue,Provisional,2
13,013,Barrow,R,Perdue,Total,26317
13,015,Bartow,D,Ossoff,AbsenteeMail,4149
13,015,Bartow,D,Ossoff,AdvancedVoting,5318
13,015,Bartow,D,Ossoff,ElectionDay,2188
13,015,Bartow,D,Ossoff,Provisional,8
13,015,Bartow,D,Ossoff,Total,11663
13,015,Bartow,L,Hazel,AbsenteeMail,291
13,015,Bartow,L,Hazel,AdvancedVoting,587
13,015,Bartow,L,Hazel,ElectionDay,482
13,015,Bartow,L,Hazel,Provisional,1
13,015,Bartow,L,Hazel,Total,1361
13,015,Bartow,R,Perdue,AbsenteeMail,5865
13,015,Bartow,R,Perdue,AdvancedVoting,21209
13,015,Bartow,R,Perdue,ElectionDay,9917
13,015,Bartow,R,Perdue,Provisional,17
13,015,Bartow,R,Perdue,Total,37008
13,017,Ben Hill,D,Ossoff,AbsenteeMail,664
13,017,Ben Hill,D,Ossoff,AdvancedVoting,1281
13,017,Ben Hill,D,Ossoff,ElectionDay,338
13,017,Ben Hill,D,Ossoff,Provisional,1
13,017,Ben Hill,D,Ossoff,Total,2284
13,017,Ben Hill,L,Hazel,AbsenteeMail,28
13,017,Ben Hill,L,Hazel,AdvancedVoting,63
13,017,Ben Hill,L,Hazel,ElectionDay,25
13,017,Ben Hill,L,Hazel,Provisional,0
13,017,Ben Hill,L,Hazel,Total,116
13,017,Ben Hill,R,Perdue,AbsenteeMail,507
13,017,Ben Hill,R,Perdue,AdvancedVoting,3143
13,017,Ben Hill,R,Perdue,ElectionDay,427
13,017,Ben Hill,R,Perdue,Provisional,0
13,017,Ben Hill,R,Perdue,Total,4077
13,019,Berrien,D,Ossoff,AbsenteeMail,331
13,019,Berrien,D,Ossoff,AdvancedVoting,548
13,019,Berrien,D,Ossoff,ElectionDay,324
13,019,Berrien,D,Ossoff,Provisional,0
13,019,Berrien,D,Ossoff,Total,1203
13,019,Berrien,L,Hazel,AbsenteeMail,28
13,019,Berrien,L,Hazel,AdvancedVoting,75
13,019,Berrien,L,Hazel,ElectionDay,56
13,019,Berrien,L,Hazel,Provisional,0
13,019,Berrien,L,Hazel,Total,159
13,019,Berrien,R,Perdue,AbsenteeMail,728
13,019,Berrien,R,Perdue,AdvancedVoting,3760
13,019,Berrien,R,Perdue,ElectionDay,1789
13,019,Berrien,R,Perdue,Provisional,0
13,019,Berrien,R,Perdue,Total,6277
13,021,Bibb,D,Ossoff,AbsenteeMail,13247
13,021,Bibb,D,Ossoff,AdvancedVoting,19864
13,021,Bibb,D,Ossoff,ElectionDay,8604
13,021,Bibb,D,Ossoff,Provisional,0
13,021,Bibb,D,Ossoff,Total,41715
13,021,Bibb,L,Hazel,AbsenteeMail,360
13,021,Bibb,L,Hazel,AdvancedVoting,604
13,021,Bibb,L,Hazel,ElectionDay,440
13,021,Bibb,L,Hazel,Provisional,0
13,021,Bibb,L,Hazel,Total,1404
13,021,Bibb,R,Perdue,AbsenteeMail,5425
13,021,Bibb,R,Perdue,AdvancedVoting,13275
13,021,Bibb,R,Perdue,ElectionDay,7870
13,021,Bibb,R,Perdue,Provisional,0
13,021,Bibb,R,Perdue,Total,26570
13,023,Bleckley,D,Ossoff,AbsenteeMail,383
13,023,Bleckley,D,Ossoff,AdvancedVoting,574
13,023,Bleckley,D,Ossoff,ElectionDay,292
13,023,Bleckley,D,Ossoff,Provisional,0
13,023,Bleckley,D,Ossoff,Total,1249
13,023,Bleckley,L,Hazel,AbsenteeMail,21
13,023,Bleckley,L,Hazel,AdvancedVoting,60
13,023,Bleckley,L,Hazel,ElectionDay,33
13,023,Bleckley,L,Hazel,Provisional,0
13,023,Bleckley,L,Hazel,Total,114
13,023,Bleckley,R,Perdue,AbsenteeMail,603
13,023,Bleckley,R,Perdue,AdvancedVoting,2745
13,023,Bleckley,R,Perdue,ElectionDay,931
13,023,Bleckley,R,Perdue,Provisional,2
13,023,Bleckley,R,Perdue,Total,4281
13,025,Brantley,D,Ossoff,AbsenteeMail,190
13,025,Brantley,D,Ossoff,AdvancedVoting,334
13,025,Brantley,D,Ossoff,ElectionDay,163
13,025,Brantley,D,Ossoff,Provisional,1
13,025,Brantley,D,Ossoff,Total,688
13,025,Brantley,L,Hazel,AbsenteeMail,12
13,025,Brantley,L,Hazel,AdvancedVoting,58
13,025,Brantley,L,Hazel,ElectionDay,46
13,025,Brantley,L,Hazel,Provisional,0
13,025,Brantley,L,Hazel,Total,116
13,025,Brantley,R,Perdue,AbsenteeMail,663
13,025,Brantley,R,Perdue,AdvancedVoting,4218
13,025,Brantley,R,Perdue,ElectionDay,1924
13,025,Brantley,R,Perdue,Provisional,7
13,025,Brantley,R,Perdue,Total,6812
13,027,Brooks,D,Ossoff,AbsenteeMail,1010
13,027,Brooks,D,Ossoff,AdvancedVoting,1088
13,027,Brooks,D,Ossoff,ElectionDay,505
13,027,Brooks,D,Ossoff,Provisional,4
13,027,Brooks,D,Ossoff,Total,2607
13,027,Brooks,L,Hazel,AbsenteeMail,26
13,027,Brooks,L,Hazel,AdvancedVoting,57
13,027,Brooks,L,Hazel,ElectionDay,36
13,027,Brooks,L,Hazel,Provisional,0
13,027,Brooks,L,Hazel,Total,119
13,027,Brooks,R,Perdue,AbsenteeMail,531
13,027,Brooks,R,Perdue,AdvancedVoting,2312
13,027,Brooks,R,Perdue,ElectionDay,1401
13,027,Brooks,R,Perdue,Provisional,6
13,027,Brooks,R,Perdue,Total,4250
13,029,Bryan,D,Ossoff,AbsenteeMail,1962
13,029,Bryan,D,Ossoff,AdvancedVoting,3679
13,029,Bryan,D,Ossoff,ElectionDay,853
13,029,Bryan,D,Ossoff,Provisional,3
13,029,Bryan,D,Ossoff,Total,6497
13,029,Bryan,L,Hazel,AbsenteeMail,108
13,029,Bryan,L,Hazel,AdvancedVoting,345
13,029,Bryan,L,Hazel,ElectionDay,146
13,029,Bryan,L,Hazel,Provisional,0
13,029,Bryan,L,Hazel,Total,599
13,029,Bryan,R,Perdue,AbsenteeMail,1562
13,029,Bryan,R,Perdue,AdvancedVoting,9983
13,029,Bryan,R,Perdue,ElectionDay,2518
13,029,Bryan,R,Perdue,Provisional,4
13,029,Bryan,R,Perdue,Total,14067
13,031,Bulloch,D,Ossoff,AbsenteeMail,3295
13,031,Bulloch,D,Ossoff,AdvancedVoting,5115
13,031,Bulloch,D,Ossoff,ElectionDay,2402
13,031,Bulloch,D,Ossoff,Provisional,34
13,031,Bulloch,D,Ossoff,Total,10846
13,031,Bulloch,L,Hazel,AbsenteeMail,139
13,031,Bulloch,L,Hazel,AdvancedVoting,304
13,031,Bulloch,L,Hazel,ElectionDay,272
13,031,Bulloch,L,Hazel,Provisional,0
13,031,Bulloch,L,Hazel,Total,715
13,031,Bulloch,R,Perdue,AbsenteeMail,2751
13,031,Bulloch,R,Perdue,AdvancedVoting,8898
13,031,Bulloch,R,Perdue,ElectionDay,6562
13,031,Bulloch,R,Perdue,Provisional,21
13,031,Bulloch,R,Perdue,Total,18232
13,033,Burke,D,Ossoff,AbsenteeMail,1751
13,033,Burke,D,Ossoff,AdvancedVoting,1790
13,033,Burke,D,Ossoff,ElectionDay,1448
13,033,Burke,D,Ossoff,Provisional,0
13,033,Burke,D,Ossoff,Total,4989
13,033,Burke,L,Hazel,AbsenteeMail,43
13,033,Burke,L,Hazel,AdvancedVoting,58
13,033,Burke,L,Hazel,ElectionDay,63
13,033,Burke,L,Hazel,Provisional,0
13,033,Burke,L,Hazel,Total,164
13,033,Burke,R,Perdue,AbsenteeMail,663
13,033,Burke,R,Perdue,AdvancedVoting,2810
13,033,Burke,R,Perdue,ElectionDay,1934
13,033,Burke,R,Perdue,Provisional,0
13,033,Burke,R,Perdue,Total,5407
13,035,Butts,D,Ossoff,AbsenteeMail,892
13,035,Butts,D,Ossoff,AdvancedVoting,1863
13,035,Butts,D,Ossoff,ElectionDay,372
13,035,Butts,D,Ossoff,Provisional,0
13,035,Butts,D,Ossoff,Total,3127
13,035,Butts,L,Hazel,AbsenteeMail,46
13,035,Butts,L,Hazel,AdvancedVoting,140
13,035,Butts,L,Hazel,ElectionDay,29
13,035,Butts,L,Hazel,Provisional,0
13,035,Butts,L,Hazel,Total,215
13,035,Butts,R,Perdue,AbsenteeMail,1123
13,035,Butts,R,Perdue,AdvancedVoting,6380
13,035,Butts,R,Perdue,ElectionDay,823
13,035,Butts,R,Perdue,Provisional,0
13,035,Butts,R,Perdue,Total,8326
13,037,Calhoun,D,Ossoff,AbsenteeMail,419
13,037,Calhoun,D,Ossoff,AdvancedVoting,444
13,037,Calhoun,D,Ossoff,ElectionDay,348
13,037,Calhoun,D,Ossoff,Provisional,0
13,037,Calhoun,D,Ossoff,Total,1211
13,037,Calhoun,L,Hazel,AbsenteeMail,3
13,037,Calhoun,L,Hazel,AdvancedVoting,10
13,037,Calhoun,L,Hazel,ElectionDay,15
13,037,Calhoun,L,Hazel,Provisional,0
13,037,Calhoun,L,Hazel,Total,28
13,037,Calhoun,R,Perdue,AbsenteeMail,149
13,037,Calhoun,R,Perdue,AdvancedVoting,503
13,037,Calhoun,R,Perdue,ElectionDay,281
13,037,Calhoun,R,Perdue,Provisional,0
13,037,Calhoun,R,Perdue,Total,933
13,039,Camden,D,Ossoff,AbsenteeMail,2482
13,039,Camden,D,Ossoff,AdvancedVoting,3839
13,039,Camden,D,Ossoff,ElectionDay,1143
13,039,Camden,D,Ossoff,Provisional,3
13,039,Camden,D,Ossoff,Total,7467
13,039,Camden,L,Hazel,AbsenteeMail,179
13,039,Camden,L,Hazel,AdvancedVoting,432
13,039,Camden,L,Hazel,ElectionDay,284
13,039,Camden,L,Hazel,Provisional,0
13,039,Camden,L,Hazel,Total,895
13,039,Camden,R,Perdue,AbsenteeMail,2133
13,039,Camden,R,Perdue,AdvancedVoting,9355
13,039,Camden,R,Perdue,ElectionDay,3495
13,039,Camden,R,Perdue,Provisional,4
13,039,Camden,R,Perdue,Total,14987
13,043,Candler,D,Ossoff,AbsenteeMail,350
13,043,Candler,D,Ossoff,AdvancedVoting,357
13,043,Candler,D,Ossoff,ElectionDay,517
13,043,Candler,D,Ossoff,Provisional,1
13,043,Candler,D,Ossoff,Total,1225
13,043,Candler,L,Hazel,AbsenteeMail,10
13,043,Candler,L,Hazel,AdvancedVoting,17
13,043,Candler,L,Hazel,ElectionDay,33
13,043,Candler,L,Hazel,Provisional,0
13,043,Candler,L,Hazel,Total,60
13,043,Candler,R,Perdue,AbsenteeMail,356
13,043,Candler,R,Perdue,AdvancedVoting,1147
13,043,Candler,R,Perdue,ElectionDay,1570
13,043,Candler,R,Perdue,Provisional,0
13,043,Candler,R,Perdue,Total,3073
13,045,Carroll,D,Ossoff,AbsenteeMail,4251
13,045,Carroll,D,Ossoff,AdvancedVoting,8328
13,045,Carroll,D,Ossoff,ElectionDay,2960
13,045,Carroll,D,Ossoff,Provisional,10
13,045,Carroll,D,Ossoff,Total,15549
13,045,Carroll,L,Hazel,AbsenteeMail,273
13,045,Carroll,L,Hazel,AdvancedVoting,653
13,045,Carroll,L,Hazel,ElectionDay,496
13,045,Carroll,L,Hazel,Provisional,5
13,045,Carroll,L,Hazel,Total,1427
13,045,Carroll,R,Perdue,AbsenteeMail,4597
13,045,Carroll,R,Perdue,AdvancedVoting,21525
13,045,Carroll,R,Perdue,ElectionDay,10850
13,045,Carroll,R,Perdue,Provisional,25
13,045,Carroll,R,Perdue,Total,36997
13,047,Catoosa,D,Ossoff,AbsenteeMail,1934
13,047,Catoosa,D,Ossoff,AdvancedVoting,3695
13,047,Catoosa,D,Ossoff,ElectionDay,964
13,047,Catoosa,D,Ossoff,Provisional,6
13,047,Catoosa,D,Ossoff,Total,6599
13,047,Catoosa,L,Hazel,AbsenteeMail,139
13,047,Catoosa,L,Hazel,AdvancedVoting,561
13,047,Catoosa,L,Hazel,ElectionDay,303
13,047,Catoosa,L,Hazel,Provisional,1
13,047,Catoosa,L,Hazel,Total,1004
13,047,Catoosa,R,Perdue,AbsenteeMail,2835
13,047,Catoosa,R,Perdue,AdvancedVoting,16704
13,047,Catoosa,R,Perdue,ElectionDay,5017
13,047,Catoosa,R,Perdue,Provisional,15
13,047,Catoosa,R,Perdue,Total,24571
13,049,Charlton,D,Ossoff,AbsenteeMail,253
13,049,Charlton,D,Ossoff,AdvancedVoting,540
13,049,Charlton,D,Ossoff,ElectionDay,222
13,049,Charlton,D,Ossoff,Provisional,0
13,049,Charlton,D,Ossoff,Total,1015
13,049,Charlton,L,Hazel,AbsenteeMail,15
13,049,Charlton,L,Hazel,AdvancedVoting,58
13,049,Charlton,L,Hazel,ElectionDay,31
13,049,Charlton,L,Hazel,Provisional,0
13,049,Charlton,L,Hazel,Total,104
13,049,Charlton,R,Perdue,AbsenteeMail,394
13,049,Charlton,R,Perdue,AdvancedVoting,1865
13,049,Charlton,R,Perdue,ElectionDay,1097
13,049,Charlton,R,Perdue,Provisional,1
13,049,Charlton,R,Perdue,Total,3357
13,051,Chatham,D,Ossoff,AbsenteeMail,27457
13,051,Chatham,D,Ossoff,AdvancedVoting,30625
13,051,Chatham,D,Ossoff,ElectionDay,17738
13,051,Chatham,D,Ossoff,Provisional,0
13,051,Chatham,D,Ossoff,Total,75820
13,051,Chatham,L,Hazel,AbsenteeMail,788
13,051,Chatham,L,Hazel,AdvancedVoting,938
13,051,Chatham,L,Hazel,ElectionDay,1241
13,051,Chatham,L,Hazel,Provisional,0
13,051,Chatham,L,Hazel,Total,2967
13,051,Chatham,R,Perdue,AbsenteeMail,11846
13,051,Chatham,R,Perdue,AdvancedVoting,22903
13,051,Chatham,R,Perdue,ElectionDay,18198
13,051,Chatham,R,Perdue,Provisional,0
13,051,Chatham,R,Perdue,Total,52947
13,053,Chattahoochee,D,Ossoff,AbsenteeMail,152
13,053,Chattahoochee,D,Ossoff,AdvancedVoting,333
13,053,Chattahoochee,D,Ossoff,ElectionDay,149
13,053,Chattahoochee,D,Ossoff,Provisional,2
13,053,Chattahoochee,D,Ossoff,Total,636
13,053,Chattahoochee,L,Hazel,AbsenteeMail,15
13,053,Chattahoochee,L,Hazel,AdvancedVoting,25
13,053,Chattahoochee,L,Hazel,ElectionDay,20
13,053,Chattahoochee,L,Hazel,Provisional,0
13,053,Chattahoochee,L,Hazel,Total,60
13,053,Chattahoochee,R,Perdue,AbsenteeMail,124
13,053,Chattahoochee,R,Perdue,AdvancedVoting,445
13,053,Chattahoochee,R,Perdue,ElectionDay,279
13,053,Chattahoochee,R,Perdue,Provisional,2
13,053,Chattahoochee,R,Perdue,Total,850
13,055,Chattooga,D,Ossoff,AbsenteeMail,628
13,055,Chattooga,D,Ossoff,AdvancedVoting,865
13,055,Chattooga,D,Ossoff,ElectionDay,391
13,055,Chattooga,D,Ossoff,Provisional,2
13,055,Chattooga,D,Ossoff,Total,1886
13,055,Chattooga,L,Hazel,AbsenteeMail,60
13,055,Chattooga,L,Hazel,AdvancedVoting,129
13,055,Chattooga,L,Hazel,ElectionDay,86
13,055,Chattooga,L,Hazel,Provisional,0
13,055,Chattooga,L,Hazel,Total,275
13,055,Chattooga,R,Perdue,AbsenteeMail,1045
13,055,Chattooga,R,Perdue,AdvancedVoting,4350
13,055,Chattooga,R,Perdue,ElectionDay,2378
13,055,Chattooga,R,Perdue,Provisional,4
13,055,Chattooga,R,Perdue,Total,7777
13,057,Cherokee,D,Ossoff,AbsenteeMail,15488
13,057,Cherokee,D,Ossoff,AdvancedVoting,17989
13,057,Cherokee,D,Ossoff,ElectionDay,6345
13,057,Cherokee,D,Ossoff,Provisional,0
13,057,Cherokee,D,Ossoff,Total,39822
13,057,Cherokee,L,Hazel,AbsenteeMail,1027
13,057,Cherokee,L,Hazel,AdvancedVoting,1737
13,057,Cherokee,L,Hazel,ElectionDay,1438
13,057,Cherokee,L,Hazel,Provisional,0
13,057,Cherokee,L,Hazel,Total,4202
13,057,Cherokee,R,Perdue,AbsenteeMail,19695
13,057,Cherokee,R,Perdue,AdvancedVoting,56129
13,057,Cherokee,R,Perdue,ElectionDay,23455
13,057,Cherokee,R,Perdue,Provisional,0
13,057,Cherokee,R,Perdue,Total,99279
13,059,Clarke,D,Ossoff,AbsenteeMail,13409
13,059,Clarke,D,Ossoff,AdvancedVoting,15905
13,059,Clarke,D,Ossoff,ElectionDay,5123
13,059,Clarke,D,Ossoff,Provisional,34
13,059,Clarke,D,Ossoff,Total,34471
13,059,Clarke,L,Hazel,AbsenteeMail,380
13,059,Clarke,L,Hazel,AdvancedVoting,506
13,059,Clarke,L,Hazel,ElectionDay,431
13,059,Clarke,L,Hazel,Provisional,4
13,059,Clarke,L,Hazel,Total,1321
13,059,Clarke,R,Perdue,AbsenteeMail,4307
13,059,Clarke,R,Perdue,AdvancedVoting,7253
13,059,Clarke,R,Perdue,ElectionDay,3469
13,059,Clarke,R,Perdue,Provisional,13
13,059,Clarke,R,Perdue,Total,15042
13,061,Clay,D,Ossoff,AbsenteeMail,266
13,061,Clay,D,Ossoff,AdvancedVoting,316
13,061,Clay,D,Ossoff,ElectionDay,166
13,061,Clay,D,Ossoff,Provisional,0
13,061,Clay,D,Ossoff,Total,748
13,061,Clay,L,Hazel,AbsenteeMail,10
13,061,Clay,L,Hazel,AdvancedVoting,6
13,061,Clay,L,Hazel,ElectionDay,5
13,061,Clay,L,Hazel,Provisional,0
13,061,Clay,L,Hazel,Total,21
13,061,Clay,R,Perdue,AbsenteeMail,113
13,061,Clay,R,Perdue,AdvancedVoting,406
13,061,Clay,R,Perdue,ElectionDay,128
13,061,Clay,R,Perdue,Provisional,0
13,061,Clay,R,Perdue,Total,647
13,063,Clayton,D,Ossoff,AbsenteeMail,25198
13,063,Clayton,D,Ossoff,AdvancedVoting,50780
13,063,Clayton,D,Ossoff,ElectionDay,16666
13,063,Clayton,D,Ossoff,Provisional,0
13,063,Clayton,D,Ossoff,Total,92644
13,063,Clayton,L,Hazel,AbsenteeMail,680
13,063,Clayton,L,Hazel,AdvancedVoting,1129
13,063,Clayton,L,Hazel,ElectionDay,658
13,063,Clayton,L,Hazel,Provisional,0
13,063,Clayton,L,Hazel,Total,2467
13,063,Clayton,R,Perdue,AbsenteeMail,4031
13,063,Clayton,R,Perdue,AdvancedVoting,7687
13,063,Clayton,R,Perdue,ElectionDay,3007
13,063,Clayton,R,Perdue,Provisional,0
13,063,Clayton,R,Perdue,Total,14725
13,065,Clinch,D,Ossoff,AbsenteeMail,130
13,065,Clinch,D,Ossoff,AdvancedVoting,318
13,065,Clinch,D,Ossoff,ElectionDay,212
13,065,Clinch,D,Ossoff,Provisional,0
13,065,Clinch,D,Ossoff,Total,660
13,065,Clinch,L,Hazel,AbsenteeMail,8
13,065,Clinch,L,Hazel,AdvancedVoting,30
13,065,Clinch,L,Hazel,ElectionDay,16
13,065,Clinch,L,Hazel,Provisional,0
13,065,Clinch,L,Hazel,Total,54
13,065,Clinch,R,Perdue,AbsenteeMail,213
13,065,Clinch,R,Perdue,AdvancedVoting,1264
13,065,Clinch,R,Perdue,ElectionDay,605
13,065,Clinch,R,Perdue,Provisional,1
13,065,Clinch,R,Perdue,Total,2083
13,067,Cobb,D,Ossoff,AbsenteeMail,88393
13,067,Cobb,D,Ossoff,AdvancedVoting,92520
13,067,Cobb,D,Ossoff,ElectionDay,29518
13,067,Cobb,D,Ossoff,Provisional,310
13,067,Cobb,D,Ossoff,Total,210741
13,067,Cobb,L,Hazel,AbsenteeMail,3470
13,067,Cobb,L,Hazel,AdvancedVoting,3649
13,067,Cobb,L,Hazel,ElectionDay,3112
13,067,Cobb,L,Hazel,Provisional,22
13,067,Cobb,L,Hazel,Total,10253
13,067,Cobb,R,Perdue,AbsenteeMail,53543
13,067,Cobb,R,Perdue,AdvancedVoting,78099
13,067,Cobb,R,Perdue,ElectionDay,37580
13,067,Cobb,R,Perdue,Provisional,150
13,067,Cobb,R,Perdue,Total,169372
13,069,Coffee,D,Ossoff,AbsenteeMail,877
13,069,Coffee,D,Ossoff,AdvancedVoting,2298
13,069,Coffee,D,Ossoff,ElectionDay,1062
13,069,Coffee,D,Ossoff,Provisional,0
13,069,Coffee,D,Ossoff,Total,4237
13,069,Coffee,L,Hazel,AbsenteeMail,44
13,069,Coffee,L,Hazel,AdvancedVoting,155
13,069,Coffee,L,Hazel,ElectionDay,85
13,069,Coffee,L,Hazel,Provisional,0
13,069,Coffee,L,Hazel,Total,284
13,069,Coffee,R,Perdue,AbsenteeMail,877
13,069,Coffee,R,Perdue,AdvancedVoting,6981
13,069,Coffee,R,Perdue,ElectionDay,2522
13,069,Coffee,R,Perdue,Provisional,0
13,069,Coffee,R,Perdue,Total,10380
13,071,Colquitt,D,Ossoff,AbsenteeMail,1104
13,071,Colquitt,D,Ossoff,AdvancedVoting,1799
13,071,Colquitt,D,Ossoff,ElectionDay,1083
13,071,Colquitt,D,Ossoff,Provisional,3
13,071,Colquitt,D,Ossoff,Total,3989
13,071,Colquitt,L,Hazel,AbsenteeMail,46
13,071,Colquitt,L,Hazel,AdvancedVoting,101
13,071,Colquitt,L,Hazel,ElectionDay,109
13,071,Colquitt,L,Hazel,Provisional,0
13,071,Colquitt,L,Hazel,Total,256
13,071,Colquitt,R,Perdue,AbsenteeMail,1331
13,071,Colquitt,R,Perdue,AdvancedVoting,6098
13,071,Colquitt,R,Perdue,ElectionDay,4205
13,071,Colquitt,R,Perdue,Provisional,9
13,071,Colquitt,R,Perdue,Total,11643
13,073,Columbia,D,Ossoff,AbsenteeMail,8779
13,073,Columbia,D,Ossoff,AdvancedVoting,14116
13,073,Columbia,D,Ossoff,ElectionDay,4837
13,073,Columbia,D,Ossoff,Provisional,27
13,073,Columbia,D,Ossoff,Total,27759
13,073,Columbia,L,Hazel,AbsenteeMail,366
13,073,Columbia,L,Hazel,AdvancedVoting,880
13,073,Columbia,L,Hazel,ElectionDay,678
13,073,Columbia,L,Hazel,Provisional,4
13,073,Columbia,L,Hazel,Total,1928
13,073,Columbia,R,Perdue,AbsenteeMail,7069
13,073,Columbia,R,Perdue,AdvancedVoting,29810
13,073,Columbia,R,Perdue,ElectionDay,13296
13,073,Columbia,R,Perdue,Provisional,45
13,073,Columbia,R,Perdue,Total,50220
13,075,Cook,D,Ossoff,AbsenteeMail,481
13,075,Cook,D,Ossoff,AdvancedVoting,960
13,075,Cook,D,Ossoff,ElectionDay,521
13,075,Cook,D,Ossoff,Provisional,1
13,075,Cook,D,Ossoff,Total,1963
13,075,Cook,L,Hazel,AbsenteeMail,25
13,075,Cook,L,Hazel,AdvancedVoting,79
13,075,Cook,L,Hazel,ElectionDay,41
13,075,Cook,L,Hazel,Provisional,0
13,075,Cook,L,Hazel,Total,145
13,075,Cook,R,Perdue,AbsenteeMail,472
13,075,Cook,R,Perdue,AdvancedVoting,3288
13,075,Cook,R,Perdue,ElectionDay,1104
13,075,Cook,R,Perdue,Provisional,0
13,075,Cook,R,Perdue,Total,4864
13,077,Coweta,D,Ossoff,AbsenteeMail,8503
13,077,Coweta,D,Ossoff,AdvancedVoting,9201
13,077,Coweta,D,Ossoff,ElectionDay,5199
13,077,Coweta,D,Ossoff,Provisional,12
13,077,Coweta,D,Ossoff,Total,22915
13,077,Coweta,L,Hazel,AbsenteeMail,496
13,077,Coweta,L,Hazel,AdvancedVoting,621
13,077,Coweta,L,Hazel,ElectionDay,786
13,077,Coweta,L,Hazel,Provisional,5
13,077,Coweta,L,Hazel,Total,1908
13,077,Coweta,R,Perdue,AbsenteeMail,9404
13,077,Coweta,R,Perdue,AdvancedVoting,23787
13,077,Coweta,R,Perdue,ElectionDay,18105
13,077,Coweta,R,Perdue,Provisional,3
13,077,Coweta,R,Perdue,Total,51299
13,079,Crawford,D,Ossoff,AbsenteeMail,492
13,079,Crawford,D,Ossoff,AdvancedVoting,806
13,079,Crawford,D,Ossoff,ElectionDay,262
13,079,Crawford,D,Ossoff,Provisional,1
13,079,Crawford,D,Ossoff,Total,1561
13,079,Crawford,L,Hazel,AbsenteeMail,32
13,079,Crawford,L,Hazel,AdvancedVoting,64
13,079,Crawford,L,Hazel,ElectionDay,39
13,079,Crawford,L,Hazel,Provisional,0
13,079,Crawford,L,Hazel,Total,135
13,079,Crawford,R,Perdue,AbsenteeMail,532
13,079,Crawford,R,Perdue,AdvancedVoting,2671
13,079,Crawford,R,Perdue,ElectionDay,1126
13,079,Crawford,R,Perdue,Provisional,1
13,079,Crawford,R,Perdue,Total,4330
13,081,Crisp,D,Ossoff,AbsenteeMail,829
13,081,Crisp,D,Ossoff,AdvancedVoting,1434
13,081,Crisp,D,Ossoff,ElectionDay,545
13,081,Crisp,D,Ossoff,Provisional,1
13,081,Crisp,D,Ossoff,Total,2809
13,081,Crisp,L,Hazel,AbsenteeMail,19
13,081,Crisp,L,Hazel,AdvancedVoting,53
13,081,Crisp,L,Hazel,ElectionDay,33
13,081,Crisp,L,Hazel,Provisional,0
13,081,Crisp,L,Hazel,Total,105
13,081,Crisp,R,Perdue,AbsenteeMail,795
13,081,Crisp,R,Perdue,AdvancedVoting,3277
13,081,Crisp,R,Perdue,ElectionDay,978
13,081,Crisp,R,Perdue,Provisional,4
13,081,Crisp,R,Perdue,Total,5054
13,083,Dade,D,Ossoff,AbsenteeMail,346
13,083,Dade,D,Ossoff,AdvancedVoting,637
13,083,Dade,D,Ossoff,ElectionDay,268
13,083,Dade,D,Ossoff,Provisional,2
13,083,Dade,D,Ossoff,Total,1253
13,083,Dade,L,Hazel,AbsenteeMail,28
13,083,Dade,L,Hazel,AdvancedVoting,110
13,083,Dade,L,Hazel,ElectionDay,70
13,083,Dade,L,Hazel,Provisional,0
13,083,Dade,L,Hazel,Total,208
13,083,Dade,R,Perdue,AbsenteeMail,614
13,083,Dade,R,Perdue,AdvancedVoting,3310
13,083,Dade,R,Perdue,ElectionDay,1942
13,083,Dade,R,Perdue,Provisional,5
13,083,Dade,R,Perdue,Total,5871
13,085,Dawson,D,Ossoff,AbsenteeMail,941
13,085,Dawson,D,Ossoff,AdvancedVoting,1096
13,085,Dawson,D,Ossoff,ElectionDay,250
13,085,Dawson,D,Ossoff,Provisional,0
13,085,Dawson,D,Ossoff,Total,2287
13,085,Dawson,L,Hazel,AbsenteeMail,77
13,085,Dawson,L,Hazel,AdvancedVoting,227
13,085,Dawson,L,Hazel,ElectionDay,113
13,085,Dawson,L,Hazel,Provisional,0
13,085,Dawson,L,Hazel,Total,417
13,085,Dawson,R,Perdue,AbsenteeMail,1926
13,085,Dawson,R,Perdue,AdvancedVoting,9009
13,085,Dawson,R,Perdue,ElectionDay,2279
13,085,Dawson,R,Perdue,Provisional,0
13,085,Dawson,R,Perdue,Total,13214
13,087,Decatur,D,Ossoff,AbsenteeMail,1366
13,087,Decatur,D,Ossoff,AdvancedVoting,2414
13,087,Decatur,D,Ossoff,ElectionDay,777
13,087,Decatur,D,Ossoff,Provisional,6
13,087,Decatur,D,Ossoff,Total,4563
13,087,Decatur,L,Hazel,AbsenteeMail,48
13,087,Decatur,L,Hazel,AdvancedVoting,99
13,087,Decatur,L,Hazel,ElectionDay,43
13,087,Decatur,L,Hazel,Provisional,0
13,087,Decatur,L,Hazel,Total,190
13,087,Decatur,R,Perdue,AbsenteeMail,816
13,087,Decatur,R,Perdue,AdvancedVoting,4426
13,087,Decatur,R,Perdue,ElectionDay,1448
13,087,Decatur,R,Perdue,Provisional,6
13,087,Decatur,R,Perdue,Total,6696
13,089,DeKalb,D,Ossoff,AbsenteeMail,104427
13,089,DeKalb,D,Ossoff,AdvancedVoting,159486
13,089,DeKalb,D,Ossoff,ElectionDay,33147
13,089,DeKalb,D,Ossoff,Provisional,250
13,089,DeKalb,D,Ossoff,Total,297310
13,089,DeKalb,L,Hazel,AbsenteeMail,2230
13,089,DeKalb,L,Hazel,AdvancedVoting,3283
13,089,DeKalb,L,Hazel,ElectionDay,1728
13,089,DeKalb,L,Hazel,Provisional,9
13,089,DeKalb,L,Hazel,Total,7250
13,089,DeKalb,R,Perdue,AbsenteeMail,17712
13,089,DeKalb,R,Perdue,AdvancedVoting,31688
13,089,DeKalb,R,Perdue,ElectionDay,12225
13,089,DeKalb,R,Perdue,Provisional,37
13,089,DeKalb,R,Perdue,Total,61662
13,091,Dodge,D,Ossoff,AbsenteeMail,520
13,091,Dodge,D,Ossoff,AdvancedVoting,970
13,091,Dodge,D,Ossoff,ElectionDay,530
13,091,Dodge,D,Ossoff,Provisional,0
13,091,Dodge,D,Ossoff,Total,2020
13,091,Dodge,L,Hazel,AbsenteeMail,21
13,091,Dodge,L,Hazel,AdvancedVoting,69
13,091,Dodge,L,Hazel,ElectionDay,48
13,091,Dodge,L,Hazel,Provisional,0
13,091,Dodge,L,Hazel,Total,138
13,091,Dodge,R,Perdue,AbsenteeMail,701
13,091,Dodge,R,Perdue,AdvancedVoting,2781
13,091,Dodge,R,Perdue,ElectionDay,2306
13,091,Dodge,R,Perdue,Provisional,0
13,091,Dodge,R,Perdue,Total,5788
13,093,Dooly,D,Ossoff,AbsenteeMail,441
13,093,Dooly,D,Ossoff,AdvancedVoting,923
13,093,Dooly,D,Ossoff,ElectionDay,460
13,093,Dooly,D,Ossoff,Provisional,2
13,093,Dooly,D,Ossoff,Total,1826
13,093,Dooly,L,Hazel,AbsenteeMail,13
13,093,Dooly,L,Hazel,AdvancedVoting,38
13,093,Dooly,L,Hazel,ElectionDay,24
13,093,Dooly,L,Hazel,Provisional,0
13,093,Dooly,L,Hazel,Total,75
13,093,Dooly,R,Perdue,AbsenteeMail,266
13,093,Dooly,R,Perdue,AdvancedVoting,1422
13,093,Dooly,R,Perdue,ElectionDay,467
13,093,Dooly,R,Perdue,Provisional,3
13,093,Dooly,R,Perdue,Total,2158
13,095,Dougherty,D,Ossoff,AbsenteeMail,7590
13,095,Dougherty,D,Ossoff,AdvancedVoting,8914
13,095,Dougherty,D,Ossoff,ElectionDay,7206
13,095,Dougherty,D,Ossoff,Provisional,79
13,095,Dougherty,D,Ossoff,Total,23789
13,095,Dougherty,L,Hazel,AbsenteeMail,121
13,095,Dougherty,L,Hazel,AdvancedVoting,156
13,095,Dougherty,L,Hazel,ElectionDay,222
13,095,Dougherty,L,Hazel,Provisional,1
13,095,Dougherty,L,Hazel,Total,500
13,095,Dougherty,R,Perdue,AbsenteeMail,2399
13,095,Dougherty,R,Perdue,AdvancedVoting,3882
13,095,Dougherty,R,Perdue,ElectionDay,4271
13,095,Dougherty,R,Perdue,Provisional,23
13,095,Dougherty,R,Perdue,Total,10575
13,097,Douglas,D,Ossoff,AbsenteeMail,13290
13,097,Douglas,D,Ossoff,AdvancedVoting,22525
13,097,Douglas,D,Ossoff,ElectionDay,5785
13,097,Douglas,D,Ossoff,Provisional,0
13,097,Douglas,D,Ossoff,Total,41600
13,097,Douglas,L,Hazel,AbsenteeMail,453
13,097,Douglas,L,Hazel,AdvancedVoting,731
13,097,Douglas,L,Hazel,ElectionDay,446
13,097,Douglas,L,Hazel,Provisional,0
13,097,Douglas,L,Hazel,Total,1630
13,097,Douglas,R,Perdue,AbsenteeMail,5324
13,097,Douglas,R,Perdue,AdvancedVoting,14997
13,097,Douglas,R,Perdue,ElectionDay,4547
13,097,Douglas,R,Perdue,Provisional,0
13,097,Douglas,R,Perdue,Total,24868
13,099,Early,D,Ossoff,AbsenteeMail,635
13,099,Early,D,Ossoff,AdvancedVoting,1002
13,099,Early,D,Ossoff,ElectionDay,595
13,099,Early,D,Ossoff,Provisional,0
13,099,Early,D,Ossoff,Total,2232
13,099,Early,L,Hazel,AbsenteeMail,11
13,099,Early,L,Hazel,AdvancedVoting,37
13,099,Early,L,Hazel,ElectionDay,29
13,099,Early,L,Hazel,Provisional,0
13,099,Early,L,Hazel,Total,77
13,099,Early,R,Perdue,AbsenteeMail,426
13,099,Early,R,Perdue,AdvancedVoting,1550
13,099,Early,R,Perdue,ElectionDay,817
13,099,Early,R,Perdue,Provisional,0
13,099,Early,R,Perdue,Total,2793
13,101,Echols,D,Ossoff,AbsenteeMail,30
13,101,Echols,D,Ossoff,AdvancedVoting,101
13,101,Echols,D,Ossoff,ElectionDay,31
13,101,Echols,D,Ossoff,Provisional,0
13,101,Echols,D,Ossoff,Total,162
13,101,Echols,L,Hazel,AbsenteeMail,5
13,101,Echols,L,Hazel,AdvancedVoting,14
13,101,Echols,L,Hazel,ElectionDay,5
13,101,Echols,L,Hazel,Provisional,0
13,101,Echols,L,Hazel,Total,24
13,101,Echols,R,Perdue,AbsenteeMail,114
13,101,Echols,R,Perdue,AdvancedVoting,897
13,101,Echols,R,Perdue,ElectionDay,221
13,101,Echols,R,Perdue,Provisional,0
13,101,Echols,R,Perdue,Total,1232
13,103,Effingham,D,Ossoff,AbsenteeMail,2247
13,103,Effingham,D,Ossoff,AdvancedVoting,3590
13,103,Effingham,D,Ossoff,ElectionDay,1781
13,103,Effingham,D,Ossoff,Provisional,9
13,103,Effingham,D,Ossoff,Total,7627
13,103,Effingham,L,Hazel,AbsenteeMail,153
13,103,Effingham,L,Hazel,AdvancedVoting,322
13,103,Effingham,L,Hazel,ElectionDay,352
13,103,Effingham,L,Hazel,Provisional,1
13,103,Effingham,L,Hazel,Total,828
13,103,Effingham,R,Perdue,AbsenteeMail,2375
13,103,Effingham,R,Perdue,AdvancedVoting,13273
13,103,Effingham,R,Perdue,ElectionDay,7167
13,103,Effingham,R,Perdue,Provisional,16
13,103,Effingham,R,Perdue,Total,22831
13,105,Elbert,D,Ossoff,AbsenteeMail,1006
13,105,Elbert,D,Ossoff,AdvancedVoting,1211
13,105,Elbert,D,Ossoff,ElectionDay,500
13,105,Elbert,D,Ossoff,Provisional,0
13,105,Elbert,D,Ossoff,Total,2717
13,105,Elbert,L,Hazel,AbsenteeMail,21
13,105,Elbert,L,Hazel,AdvancedVoting,68
13,105,Elbert,L,Hazel,ElectionDay,44
13,105,Elbert,L,Hazel,Provisional,0
13,105,Elbert,L,Hazel,Total,133
13,105,Elbert,R,Perdue,AbsenteeMail,990
13,105,Elbert,R,Perdue,AdvancedVoting,3399
13,105,Elbert,R,Perdue,ElectionDay,1836
13,105,Elbert,R,Perdue,Provisional,0
13,105,Elbert,R,Perdue,Total,6225
13,107,Emanuel,D,Ossoff,AbsenteeMail,727
13,107,Emanuel,D,Ossoff,AdvancedVoting,1179
13,107,Emanuel,D,Ossoff,ElectionDay,814
13,107,Emanuel,D,Ossoff,Provisional,0
13,107,Emanuel,D,Ossoff,Total,2720
13,107,Emanuel,L,Hazel,AbsenteeMail,27
13,107,Emanuel,L,Hazel,AdvancedVoting,57
13,107,Emanuel,L,Hazel,ElectionDay,51
13,107,Emanuel,L,Hazel,Provisional,1
13,107,Emanuel,L,Hazel,Total,136
13,107,Emanuel,R,Perdue,AbsenteeMail,892
13,107,Emanuel,R,Perdue,AdvancedVoting,3110
13,107,Emanuel,R,Perdue,ElectionDay,2510
13,107,Emanuel,R,Perdue,Provisional,1
13,107,Emanuel,R,Perdue,Total,6513
13,109,Evans,D,Ossoff,AbsenteeMail,305
13,109,Evans,D,Ossoff,AdvancedVoting,719
13,109,Evans,D,Ossoff,ElectionDay,227
13,109,Evans,D,Ossoff,Provisional,0
13,109,Evans,D,Ossoff,Total,1251
13,109,Evans,L,Hazel,AbsenteeMail,15
13,109,Evans,L,Hazel,AdvancedVoting,33
13,109,Evans,L,Hazel,ElectionDay,16
13,109,Evans,L,Hazel,Provisional,0
13,109,Evans,L,Hazel,Total,64
13,109,Evans,R,Perdue,AbsenteeMail,491
13,109,Evans,R,Perdue,AdvancedVoting,1922
13,109,Evans,R,Perdue,ElectionDay,463
13,109,Evans,R,Perdue,Provisional,0
13,109,Evans,R,Perdue,Total,2876
13,111,Fannin,D,Ossoff,AbsenteeMail,1055
13,111,Fannin,D,Ossoff,AdvancedVoting,977
13,111,Fannin,D,Ossoff,ElectionDay,383
13,111,Fannin,D,Ossoff,Provisional,0
13,111,Fannin,D,Ossoff,Total,2415
13,111,Fannin,L,Hazel,AbsenteeMail,79
13,111,Fannin,L,Hazel,AdvancedVoting,105
13,111,Fannin,L,Hazel,ElectionDay,113
13,111,Fannin,L,Hazel,Provisional,0
13,111,Fannin,L,Hazel,Total,297
13,111,Fannin,R,Perdue,AbsenteeMail,2202
13,111,Fannin,R,Perdue,AdvancedVoting,5678
13,111,Fannin,R,Perdue,ElectionDay,4070
13,111,Fannin,R,Perdue,Provisional,0
13,111,Fannin,R,Perdue,Total,11950
13,113,Fayette,D,Ossoff,AbsenteeMail,10282
13,113,Fayette,D,Ossoff,AdvancedVoting,16672
13,113,Fayette,D,Ossoff,ElectionDay,3344
13,113,Fayette,D,Ossoff,Provisional,0
13,113,Fayette,D,Ossoff,Total,30298
13,113,Fayette,L,Hazel,AbsenteeMail,362
13,113,Fayette,L,Hazel,AdvancedVoting,761
13,113,Fayette,L,Hazel,ElectionDay,386
13,113,Fayette,L,Hazel,Provisional,0
13,113,Fayette,L,Hazel,Total,1509
13,113,Fayette,R,Perdue,AbsenteeMail,7602
13,113,Fayette,R,Perdue,AdvancedVoting,22862
13,113,Fayette,R,Perdue,ElectionDay,6331
13,113,Fayette,R,Perdue,Provisional,0
13,113,Fayette,R,Perdue,Total,36795
13,115,Floyd,D,Ossoff,AbsenteeMail,3669
13,115,Floyd,D,Ossoff,AdvancedVoting,4621
13,115,Floyd,D,Ossoff,ElectionDay,2159
13,115,Floyd,D,Ossoff,Provisional,21
13,115,Floyd,D,Ossoff,Total,10470
13,115,Floyd,L,Hazel,AbsenteeMail,244
13,115,Floyd,L,Hazel,AdvancedVoting,414
13,115,Floyd,L,Hazel,ElectionDay,350
13,115,Floyd,L,Hazel,Provisional,0
13,115,Floyd,L,Hazel,Total,1008
13,115,Floyd,R,Perdue,AbsenteeMail,4340
13,115,Floyd,R,Perdue,AdvancedVoting,14508
13,115,Floyd,R,Perdue,ElectionDay,7718
13,115,Floyd,R,Perdue,Provisional,105
13,115,Floyd,R,Perdue,Total,26671
13,117,Forsyth,D,Ossoff,AbsenteeMail,14103
13,117,Forsyth,D,Ossoff,AdvancedVoting,21855
13,117,Forsyth,D,Ossoff,ElectionDay,3244
13,117,Forsyth,D,Ossoff,Provisional,0
13,117,Forsyth,D,Ossoff,Total,39202
13,117,Forsyth,L,Hazel,AbsenteeMail,727
13,117,Forsyth,L,Hazel,AdvancedVoting,1988
13,117,Forsyth,L,Hazel,ElectionDay,668
13,117,Forsyth,L,Hazel,Provisional,0
13,117,Forsyth,L,Hazel,Total,3383
13,117,Forsyth,R,Perdue,AbsenteeMail,14980
13,117,Forsyth,R,Perdue,AdvancedVoting,61047
13,117,Forsyth,R,Perdue,ElectionDay,9587
13,117,Forsyth,R,Perdue,Provisional,0
13,117,Forsyth,R,Perdue,Total,85614
13,119,Franklin,D,Ossoff,AbsenteeMail,537
13,119,Franklin,D,Ossoff,AdvancedVoting,603
13,119,Franklin,D,Ossoff,ElectionDay,323
13,119,Franklin,D,Ossoff,Provisional,2
13,119,Franklin,D,Ossoff,Total,1465
13,119,Franklin,L,Hazel,AbsenteeMail,40
13,119,Franklin,L,Hazel,AdvancedVoting,82
13,119,Franklin,L,Hazel,ElectionDay,65
13,119,Franklin,L,Hazel,Provisional,0
13,119,Franklin,L,Hazel,Total,187
13,119,Franklin,R,Perdue,AbsenteeMail,1379
13,119,Franklin,R,Perdue,AdvancedVoting,5345
13,119,Franklin,R,Perdue,ElectionDay,2269
13,119,Franklin,R,Perdue,Provisional,0
13,119,Franklin,R,Perdue,Total,8993
13,121,Fulton,D,Ossoff,AbsenteeMail,106841
13,121,Fulton,D,Ossoff,AdvancedVoting,215786
13,121,Fulton,D,Ossoff,ElectionDay,36258
13,121,Fulton,D,Ossoff,Provisional,2368
13,121,Fulton,D,Ossoff,Total,361253
13,121,Fulton,L,Hazel,AbsenteeMail,2712
13,121,Fulton,L,Hazel,AdvancedVoting,5821
13,121,Fulton,L,Hazel,ElectionDay,2300
13,121,Fulton,L,Hazel,Provisional,140
13,121,Fulton,L,Hazel,Total,10973
13,121,Fulton,R,Perdue,AbsenteeMail,33275
13,121,Fulton,R,Perdue,AdvancedVoting,92262
13,121,Fulton,R,Perdue,ElectionDay,19520
13,121,Fulton,R,Perdue,Provisional,881
13,121,Fulton,R,Perdue,Total,145938
13,123,Gilmer,D,Ossoff,AbsenteeMail,1106
13,123,Gilmer,D,Ossoff,AdvancedVoting,1151
13,123,Gilmer,D,Ossoff,ElectionDay,435
13,123,Gilmer,D,Ossoff,Provisional,0
13,123,Gilmer,D,Ossoff,Total,2692
13,123,Gilmer,L,Hazel,AbsenteeMail,93
13,123,Gilmer,L,Hazel,AdvancedVoting,151
13,123,Gilmer,L,Hazel,ElectionDay,140
13,123,Gilmer,L,Hazel,Provisional,0
13,123,Gilmer,L,Hazel,Total,384
13,123,Gilmer,R,Perdue,AbsenteeMail,2102
13,123,Gilmer,R,Perdue,AdvancedVoting,6787
13,123,Gilmer,R,Perdue,ElectionDay,4271
13,123,Gilmer,R,Perdue,Provisional,0
13,123,Gilmer,R,Perdue,Total,13160
13,125,Glascock,D,Ossoff,AbsenteeMail,49
13,125,Glascock,D,Ossoff,AdvancedVoting,59
13,125,Glascock,D,Ossoff,ElectionDay,42
13,125,Glascock,D,Ossoff,Provisional,0
13,125,Glascock,D,Ossoff,Total,150
13,125,Glascock,L,Hazel,AbsenteeMail,1
13,125,Glascock,L,Hazel,AdvancedVoting,16
13,125,Glascock,L,Hazel,ElectionDay,7
13,125,Glascock,L,Hazel,Provisional,0
13,125,Glascock,L,Hazel,Total,24
13,125,Glascock,R,Perdue,AbsenteeMail,195
13,125,Glascock,R,Perdue,AdvancedVoting,775
13,125,Glascock,R,Perdue,ElectionDay,396
13,125,Glascock,R,Perdue,Provisional,0
13,125,Glascock,R,Perdue,Total,1366
13,127,Glynn,D,Ossoff,AbsenteeMail,5244
13,127,Glynn,D,Ossoff,AdvancedVoting,7589
13,127,Glynn,D,Ossoff,ElectionDay,2084
13,127,Glynn,D,Ossoff,Provisional,21
13,127,Glynn,D,Ossoff,Total,14938
13,127,Glynn,L,Hazel,AbsenteeMail,215
13,127,Glynn,L,Hazel,AdvancedVoting,488
13,127,Glynn,L,Hazel,ElectionDay,266
13,127,Glynn,L,Hazel,Provisional,1
13,127,Glynn,L,Hazel,Total,970
13,127,Glynn,R,Perdue,AbsenteeMail,4413
13,127,Glynn,R,Perdue,AdvancedVoting,16497
13,127,Glynn,R,Perdue,ElectionDay,4620
13,127,Glynn,R,Perdue,Provisional,30
13,127,Glynn,R,Perdue,Total,25560
13,129,Gordon,D,Ossoff,AbsenteeMail,1323
13,129,Gordon,D,Ossoff,AdvancedVoting,1848
13,129,Gordon,D,Ossoff,ElectionDay,1011
13,129,Gordon,D,Ossoff,Provisional,0
13,129,Gordon,D,Ossoff,Total,4182
13,129,Gordon,L,Hazel,AbsenteeMail,102
13,129,Gordon,L,Hazel,AdvancedVoting,250
13,129,Gordon,L,Hazel,ElectionDay,219
13,129,Gordon,L,Hazel,Provisional,2
13,129,Gordon,L,Hazel,Total,573
13,129,Gordon,R,Perdue,AbsenteeMail,2471
13,129,Gordon,R,Perdue,AdvancedVoting,9713
13,129,Gordon,R,Perdue,ElectionDay,6814
13,129,Gordon,R,Perdue,Provisional,13
13,129,Gordon,R,Perdue,Total,19011
13,131,Grady,D,Ossoff,AbsenteeMail,1038
13,131,Grady,D,Ossoff,AdvancedVoting,1797
13,131,Grady,D,Ossoff,ElectionDay,620
13,131,Grady,D,Ossoff,Provisional,0
13,131,Grady,D,Ossoff,Total,3455
13,131,Grady,L,Hazel,AbsenteeMail,29
13,131,Grady,L,Hazel,AdvancedVoting,66
13,131,Grady,L,Hazel,ElectionDay,51
13,131,Grady,L,Hazel,Provisional,0
13,131,Grady,L,Hazel,Total,146
13,131,Grady,R,Perdue,AbsenteeMail,1073
13,131,Grady,R,Perdue,AdvancedVoting,3887
13,131,Grady,R,Perdue,ElectionDay,2002
13,131,Grady,R,Perdue,Provisional,0
13,131,Grady,R,Perdue,Total,6962
13,133,Greene,D,Ossoff,AbsenteeMail,1380
13,133,Greene,D,Ossoff,AdvancedVoting,1832
13,133,Greene,D,Ossoff,ElectionDay,544
13,133,Greene,D,Ossoff,Provisional,7
13,133,Greene,D,Ossoff,Total,3763
13,133,Greene,L,Hazel,AbsenteeMail,38
13,133,Greene,L,Hazel,AdvancedVoting,71
13,133,Greene,L,Hazel,ElectionDay,43
13,133,Greene,L,Hazel,Provisional,0
13,133,Greene,L,Hazel,Total,152
13,133,Greene,R,Perdue,AbsenteeMail,1323
13,133,Greene,R,Perdue,AdvancedVoting,5057
13,133,Greene,R,Perdue,ElectionDay,864
13,133,Greene,R,Perdue,Provisional,3
13,133,Greene,R,Perdue,Total,7247
13,135,Gwinnett,D,Ossoff,AbsenteeMail,76886
13,135,Gwinnett,D,Ossoff,AdvancedVoting,121145
13,135,Gwinnett,D,Ossoff,ElectionDay,35117
13,135,Gwinnett,D,Ossoff,Provisional,0
13,135,Gwinnett,D,Ossoff,Total,233148
13,135,Gwinnett,L,Hazel,AbsenteeMail,3070
13,135,Gwinnett,L,Hazel,AdvancedVoting,4671
13,135,Gwinnett,L,Hazel,ElectionDay,3126
13,135,Gwinnett,L,Hazel,Provisional,0
13,135,Gwinnett,L,Hazel,Total,10867
13,135,Gwinnett,R,Perdue,AbsenteeMail,41296
13,135,Gwinnett,R,Perdue,AdvancedVoting,90661
13,135,Gwinnett,R,Perdue,ElectionDay,34576
13,135,Gwinnett,R,Perdue,Provisional,0
13,135,Gwinnett,R,Perdue,Total,166533
13,137,Habersham,D,Ossoff,AbsenteeMail,1197
13,137,Habersham,D,Ossoff,AdvancedVoting,1647
13,137,Habersham,D,Ossoff,ElectionDay,493
13,137,Habersham,D,Ossoff,Provisional,0
13,137,Habersham,D,Ossoff,Total,3337
13,137,Habersham,L,Hazel,AbsenteeMail,107
13,137,Habersham,L,Hazel,AdvancedVoting,286
13,137,Habersham,L,Hazel,ElectionDay,140
13,137,Habersham,L,Hazel,Provisional,0
13,137,Habersham,L,Hazel,Total,533
13,137,Habersham,R,Perdue,AbsenteeMail,2851
13,137,Habersham,R,Perdue,AdvancedVoting,10964
13,137,Habersham,R,Perdue,ElectionDay,2551
13,137,Habersham,R,Perdue,Provisional,0
13,137,Habersham,R,Perdue,Total,16366
13,139,Hall,D,Ossoff,AbsenteeMail,8321
13,139,Hall,D,Ossoff,AdvancedVoting,11362
13,139,Hall,D,Ossoff,ElectionDay,3778
13,139,Hall,D,Ossoff,Provisional,0
13,139,Hall,D,Ossoff,Total,23461
13,139,Hall,L,Hazel,AbsenteeMail,567
13,139,Hall,L,Hazel,AdvancedVoting,1210
13,139,Hall,L,Hazel,ElectionDay,682
13,139,Hall,L,Hazel,Provisional,0
13,139,Hall,L,Hazel,Total,2459
13,139,Hall,R,Perdue,AbsenteeMail,12019
13,139,Hall,R,Perdue,AdvancedVoting,40901
13,139,Hall,R,Perdue,ElectionDay,10855
13,139,Hall,R,Perdue,Provisional,0
13,139,Hall,R,Perdue,Total,63775
13,141,Hancock,D,Ossoff,AbsenteeMail,1158
13,141,Hancock,D,Ossoff,AdvancedVoting,1096
13,141,Hancock,D,Ossoff,ElectionDay,601
13,141,Hancock,D,Ossoff,Provisional,3
13,141,Hancock,D,Ossoff,Total,2858
13,141,Hancock,L,Hazel,AbsenteeMail,20
13,141,Hancock,L,Hazel,AdvancedVoting,32
13,141,Hancock,L,Hazel,ElectionDay,14
13,141,Hancock,L,Hazel,Provisional,0
13,141,Hancock,L,Hazel,Total,66
13,141,Hancock,R,Perdue,AbsenteeMail,247
13,141,Hancock,R,Perdue,AdvancedVoting,639
13,141,Hancock,R,Perdue,ElectionDay,287
13,141,Hancock,R,Perdue,Provisional,0
13,141,Hancock,R,Perdue,Total,1173
13,143,Haralson,D,Ossoff,AbsenteeMail,617
13,143,Haralson,D,Ossoff,AdvancedVoting,740
13,143,Haralson,D,Ossoff,ElectionDay,407
13,143,Haralson,D,Ossoff,Provisional,0
13,143,Haralson,D,Ossoff,Total,1764
13,143,Haralson,L,Hazel,AbsenteeMail,71
13,143,Haralson,L,Hazel,AdvancedVoting,142
13,143,Haralson,L,Hazel,ElectionDay,123
13,143,Haralson,L,Hazel,Provisional,0
13,143,Haralson,L,Hazel,Total,336
13,143,Haralson,R,Perdue,AbsenteeMail,1710
13,143,Haralson,R,Perdue,AdvancedVoting,6107
13,143,Haralson,R,Perdue,ElectionDay,4195
13,143,Haralson,R,Perdue,Provisional,4
13,143,Haralson,R,Perdue,Total,12016
13,145,Harris,D,Ossoff,AbsenteeMail,1899
13,145,Harris,D,Ossoff,AdvancedVoting,2025
13,145,Harris,D,Ossoff,ElectionDay,1264
13,145,Harris,D,Ossoff,Provisional,4
13,145,Harris,D,Ossoff,Total,5192
13,145,Harris,L,Hazel,AbsenteeMail,103
13,145,Harris,L,Hazel,AdvancedVoting,109
13,145,Harris,L,Hazel,ElectionDay,170
13,145,Harris,L,Hazel,Provisional,1
13,145,Harris,L,Hazel,Total,383
13,145,Harris,R,Perdue,AbsenteeMail,2117
13,145,Harris,R,Perdue,AdvancedVoting,6622
13,145,Harris,R,Perdue,ElectionDay,5527
13,145,Harris,R,Perdue,Provisional,13
13,145,Harris,R,Perdue,Total,14279
13,147,Hart,D,Ossoff,AbsenteeMail,1016
13,147,Hart,D,Ossoff,AdvancedVoting,1376
13,147,Hart,D,Ossoff,ElectionDay,543
13,147,Hart,D,Ossoff,Provisional,2
13,147,Hart,D,Ossoff,Total,2937
13,147,Hart,L,Hazel,AbsenteeMail,37
13,147,Hart,L,Hazel,AdvancedVoting,108
13,147,Hart,L,Hazel,ElectionDay,73
13,147,Hart,L,Hazel,Provisional,0
13,147,Hart,L,Hazel,Total,218
13,147,Hart,R,Perdue,AbsenteeMail,1399
13,147,Hart,R,Perdue,AdvancedVoting,5671
13,147,Hart,R,Perdue,ElectionDay,2306
13,147,Hart,R,Perdue,Provisional,1
13,147,Hart,R,Perdue,Total,9377
13,149,Heard,D,Ossoff,AbsenteeMail,271
13,149,Heard,D,Ossoff,AdvancedVoting,338
13,149,Heard,D,Ossoff,ElectionDay,192
13,149,Heard,D,Ossoff,Provisional,1
13,149,Heard,D,Ossoff,Total,802
13,149,Heard,L,Hazel,AbsenteeMail,25
13,149,Heard,L,Hazel,AdvancedVoting,57
13,149,Heard,L,Hazel,ElectionDay,31
13,149,Heard,L,Hazel,Provisional,0
13,149,Heard,L,Hazel,Total,113
13,149,Heard,R,Perdue,AbsenteeMail,656
13,149,Heard,R,Perdue,AdvancedVoting,2145
13,149,Heard,R,Perdue,ElectionDay,1611
13,149,Heard,R,Perdue,Provisional,1
13,149,Heard,R,Perdue,Total,4413
13,151,Henry,D,Ossoff,AbsenteeMail,19706
13,151,Henry,D,Ossoff,AdvancedVoting,43606
13,151,Henry,D,Ossoff,ElectionDay,8215
13,151,Henry,D,Ossoff,Provisional,65
13,151,Henry,D,Ossoff,Total,71592
13,151,Henry,L,Hazel,AbsenteeMail,655
13,151,Henry,L,Hazel,AdvancedVoting,1401
13,151,Henry,L,Hazel,ElectionDay,572
13,151,Henry,L,Hazel,Provisional,3
13,151,Henry,L,Hazel,Total,2631
13,151,Henry,R,Perdue,AbsenteeMail,7976
13,151,Henry,R,Perdue,AdvancedVoting,31581
13,151,Henry,R,Perdue,ElectionDay,7902
13,151,Henry,R,Perdue,Provisional,27
13,151,Henry,R,Perdue,Total,47486
13,153,Houston,D,Ossoff,AbsenteeMail,11016
13,153,Houston,D,Ossoff,AdvancedVoting,13621
13,153,Houston,D,Ossoff,ElectionDay,6274
13,153,Houston,D,Ossoff,Provisional,44
13,153,Houston,D,Ossoff,Total,30955
13,153,Houston,L,Hazel,AbsenteeMail,521
13,153,Houston,L,Hazel,AdvancedVoting,623
13,153,Houston,L,Hazel,ElectionDay,632
13,153,Houston,L,Hazel,Provisional,3
13,153,Houston,L,Hazel,Total,1779
13,153,Houston,R,Perdue,AbsenteeMail,8252
13,153,Houston,R,Perdue,AdvancedVoting,21645
13,153,Houston,R,Perdue,ElectionDay,11487
13,153,Houston,R,Perdue,Provisional,44
13,153,Houston,R,Perdue,Total,41428
13,155,Irwin,D,Ossoff,AbsenteeMail,236
13,155,Irwin,D,Ossoff,AdvancedVoting,504
13,155,Irwin,D,Ossoff,ElectionDay,241
13,155,Irwin,D,Ossoff,Provisional,1
13,155,Irwin,D,Ossoff,Total,982
13,155,Irwin,L,Hazel,AbsenteeMail,5
13,155,Irwin,L,Hazel,AdvancedVoting,47
13,155,Irwin,L,Hazel,ElectionDay,15
13,155,Irwin,L,Hazel,Provisional,0
13,155,Irwin,L,Hazel,Total,67
13,155,Irwin,R,Perdue,AbsenteeMail,373
13,155,Irwin,R,Perdue,AdvancedVoting,2085
13,155,Irwin,R,Perdue,ElectionDay,634
13,155,Irwin,R,Perdue,Provisional,3
13,155,Irwin,R,Perdue,Total,3095
13,157,Jackson,D,Ossoff,AbsenteeMail,2550
13,157,Jackson,D,Ossoff,AdvancedVoting,3685
13,157,Jackson,D,Ossoff,ElectionDay,1026
13,157,Jackson,D,Ossoff,Provisional,1
13,157,Jackson,D,Ossoff,Total,7262
13,157,Jackson,L,Hazel,AbsenteeMail,209
13,157,Jackson,L,Hazel,AdvancedVoting,490
13,157,Jackson,L,Hazel,ElectionDay,256
13,157,Jackson,L,Hazel,Provisional,0
13,157,Jackson,L,Hazel,Total,955
13,157,Jackson,R,Perdue,AbsenteeMail,4324
13,157,Jackson,R,Perdue,AdvancedVoting,19969
13,157,Jackson,R,Perdue,ElectionDay,4867
13,157,Jackson,R,Perdue,Provisional,6
13,157,Jackson,R,Perdue,Total,29166
13,159,Jasper,D,Ossoff,AbsenteeMail,634
13,159,Jasper,D,Ossoff,AdvancedVoting,759
13,159,Jasper,D,Ossoff,ElectionDay,296
13,159,Jasper,D,Ossoff,Provisional,1
13,159,Jasper,D,Ossoff,Total,1690
13,159,Jasper,L,Hazel,AbsenteeMail,36
13,159,Jasper,L,Hazel,AdvancedVoting,59
13,159,Jasper,L,Hazel,ElectionDay,56
13,159,Jasper,L,Hazel,Provisional,0
13,159,Jasper,L,Hazel,Total,151
13,159,Jasper,R,Perdue,AbsenteeMail,798
13,159,Jasper,R,Perdue,AdvancedVoting,3438
13,159,Jasper,R,Perdue,ElectionDay,1503
13,159,Jasper,R,Perdue,Provisional,12
13,159,Jasper,R,Perdue,Total,5751
13,161,Jeff Davis,D,Ossoff,AbsenteeMail,262
13,161,Jeff Davis,D,Ossoff,AdvancedVoting,502
13,161,Jeff Davis,D,Ossoff,ElectionDay,249
13,161,Jeff Davis,D,Ossoff,Provisional,0
13,161,Jeff Davis,D,Ossoff,Total,1013
13,161,Jeff Davis,L,Hazel,AbsenteeMail,17
13,161,Jeff Davis,L,Hazel,AdvancedVoting,54
13,161,Jeff Davis,L,Hazel,ElectionDay,40
13,161,Jeff Davis,L,Hazel,Provisional,0
13,161,Jeff Davis,L,Hazel,Total,111
13,161,Jeff Davis,R,Perdue,AbsenteeMail,516
13,161,Jeff Davis,R,Perdue,AdvancedVoting,2681
13,161,Jeff Davis,R,Perdue,ElectionDay,1377
13,161,Jeff Davis,R,Perdue,Provisional,0
13,161,Jeff Davis,R,Perdue,Total,4574
13,163,Jefferson,D,Ossoff,AbsenteeMail,1199
13,163,Jefferson,D,Ossoff,AdvancedVoting,1679
13,163,Jefferson,D,Ossoff,ElectionDay,1028
13,163,Jefferson,D,Ossoff,Provisional,7
13,163,Jefferson,D,Ossoff,Total,3913
13,163,Jefferson,L,Hazel,AbsenteeMail,24
13,163,Jefferson,L,Hazel,AdvancedVoting,46
13,163,Jefferson,L,Hazel,ElectionDay,32
13,163,Jefferson,L,Hazel,Provisional,0
13,163,Jefferson,L,Hazel,Total,102
13,163,Jefferson,R,Perdue,AbsenteeMail,444
13,163,Jefferson,R,Perdue,AdvancedVoting,1988
13,163,Jefferson,R,Perdue,ElectionDay,1103
13,163,Jefferson,R,Perdue,Provisional,4
13,163,Jefferson,R,Perdue,Total,3539
13,165,Jenkins,D,Ossoff,AbsenteeMail,383
13,165,Jenkins,D,Ossoff,AdvancedVoting,530
13,165,Jenkins,D,Ossoff,ElectionDay,280
13,165,Jenkins,D,Ossoff,Provisional,1
13,165,Jenkins,D,Ossoff,Total,1194
13,165,Jenkins,L,Hazel,AbsenteeMail,14
13,165,Jenkins,L,Hazel,AdvancedVoting,15
13,165,Jenkins,L,Hazel,ElectionDay,22
13,165,Jenkins,L,Hazel,Provisional,0
13,165,Jenkins,L,Hazel,Total,51
13,165,Jenkins,R,Perdue,AbsenteeMail,331
13,165,Jenkins,R,Perdue,AdvancedVoting,1245
13,165,Jenkins,R,Perdue,ElectionDay,576
13,165,Jenkins,R,Perdue,Provisional,3
13,165,Jenkins,R,Perdue,Total,2155
13,167,Johnson,D,Ossoff,AbsenteeMail,374
13,167,Johnson,D,Ossoff,AdvancedVoting,574
13,167,Johnson,D,Ossoff,ElectionDay,210
13,167,Johnson,D,Ossoff,Provisional,0
13,167,Johnson,D,Ossoff,Total,1158
13,167,Johnson,L,Hazel,AbsenteeMail,19
13,167,Johnson,L,Hazel,AdvancedVoting,40
13,167,Johnson,L,Hazel,ElectionDay,16
13,167,Johnson,L,Hazel,Provisional,0
13,167,Johnson,L,Hazel,Total,75
13,167,Johnson,R,Perdue,AbsenteeMail,336
13,167,Johnson,R,Perdue,AdvancedVoting,1711
13,167,Johnson,R,Perdue,ElectionDay,754
13,167,Johnson,R,Perdue,Provisional,0
13,167,Johnson,R,Perdue,Total,2801
13,169,Jones,D,Ossoff,AbsenteeMail,1568
13,169,Jones,D,Ossoff,AdvancedVoting,2282
13,169,Jones,D,Ossoff,ElectionDay,835
13,169,Jones,D,Ossoff,Provisional,2
13,169,Jones,D,Ossoff,Total,4687
13,169,Jones,L,Hazel,AbsenteeMail,59
13,169,Jones,L,Hazel,AdvancedVoting,133
13,169,Jones,L,Hazel,ElectionDay,109
13,169,Jones,L,Hazel,Provisional,0
13,169,Jones,L,Hazel,Total,301
13,169,Jones,R,Perdue,AbsenteeMail,1287
13,169,Jones,R,Perdue,AdvancedVoting,5609
13,169,Jones,R,Perdue,ElectionDay,2954
13,169,Jones,R,Perdue,Provisional,4
13,169,Jones,R,Perdue,Total,9854
13,171,Lamar,D,Ossoff,AbsenteeMail,877
13,171,Lamar,D,Ossoff,AdvancedVoting,1160
13,171,Lamar,D,Ossoff,ElectionDay,471
13,171,Lamar,D,Ossoff,Provisional,0
13,171,Lamar,D,Ossoff,Total,2508
13,171,Lamar,L,Hazel,AbsenteeMail,43
13,171,Lamar,L,Hazel,AdvancedVoting,80
13,171,Lamar,L,Hazel,ElectionDay,74
13,171,Lamar,L,Hazel,Provisional,0
13,171,Lamar,L,Hazel,Total,197
13,171,Lamar,R,Perdue,AbsenteeMail,797
13,171,Lamar,R,Perdue,AdvancedVoting,3762
13,171,Lamar,R,Perdue,ElectionDay,1713
13,171,Lamar,R,Perdue,Provisional,0
13,171,Lamar,R,Perdue,Total,6272
13,173,Lanier,D,Ossoff,AbsenteeMail,269
13,173,Lanier,D,Ossoff,AdvancedVoting,488
13,173,Lanier,D,Ossoff,ElectionDay,187
13,173,Lanier,D,Ossoff,Provisional,0
13,173,Lanier,D,Ossoff,Total,944
13,173,Lanier,L,Hazel,AbsenteeMail,16
13,173,Lanier,L,Hazel,AdvancedVoting,46
13,173,Lanier,L,Hazel,ElectionDay,32
13,173,Lanier,L,Hazel,Provisional,0
13,173,Lanier,L,Hazel,Total,94
13,173,Lanier,R,Perdue,AbsenteeMail,248
13,173,Lanier,R,Perdue,AdvancedVoting,1764
13,173,Lanier,R,Perdue,ElectionDay,469
13,173,Lanier,R,Perdue,Provisional,0
13,173,Lanier,R,Perdue,Total,2481
13,175,Laurens,D,Ossoff,AbsenteeMail,2571
13,175,Laurens,D,Ossoff,AdvancedVoting,3294
13,175,Laurens,D,Ossoff,ElectionDay,1809
13,175,Laurens,D,Ossoff,Provisional,0
13,175,Laurens,D,Ossoff,Total,7674
13,175,Laurens,L,Hazel,AbsenteeMail,101
13,175,Laurens,L,Hazel,AdvancedVoting,162
13,175,Laurens,L,Hazel,ElectionDay,150
13,175,Laurens,L,Hazel,Provisional,0
13,175,Laurens,L,Hazel,Total,413
13,175,Laurens,R,Perdue,AbsenteeMail,2281
13,175,Laurens,R,Perdue,AdvancedVoting,6472
13,175,Laurens,R,Perdue,ElectionDay,5596
13,175,Laurens,R,Perdue,Provisional,0
13,175,Laurens,R,Perdue,Total,14349
13,177,Lee,D,Ossoff,AbsenteeMail,1157
13,177,Lee,D,Ossoff,AdvancedVoting,2376
13,177,Lee,D,Ossoff,ElectionDay,889
13,177,Lee,D,Ossoff,Provisional,2
13,177,Lee,D,Ossoff,Total,4424
13,177,Lee,L,Hazel,AbsenteeMail,47
13,177,Lee,L,Hazel,AdvancedVoting,124
13,177,Lee,L,Hazel,ElectionDay,102
13,177,Lee,L,Hazel,Provisional,0
13,177,Lee,L,Hazel,Total,273
13,177,Lee,R,Perdue,AbsenteeMail,1188
13,177,Lee,R,Perdue,AdvancedVoting,7681
13,177,Lee,R,Perdue,ElectionDay,2989
13,177,Lee,R,Perdue,Provisional,4
13,177,Lee,R,Perdue,Total,11862
13,179,Liberty,D,Ossoff,AbsenteeMail,4022
13,179,Liberty,D,Ossoff,AdvancedVoting,7005
13,179,Liberty,D,Ossoff,ElectionDay,1668
13,179,Liberty,D,Ossoff,Provisional,0
13,179,Liberty,D,Ossoff,Total,12695
13,179,Liberty,L,Hazel,AbsenteeMail,172
13,179,Liberty,L,Hazel,AdvancedVoting,274
13,179,Liberty,L,Hazel,ElectionDay,162
13,179,Liberty,L,Hazel,Provisional,0
13,179,Liberty,L,Hazel,Total,608
13,179,Liberty,R,Perdue,AbsenteeMail,1238
13,179,Liberty,R,Perdue,AdvancedVoting,4866
13,179,Liberty,R,Perdue,ElectionDay,1624
13,179,Liberty,R,Perdue,Provisional,0
13,179,Liberty,R,Perdue,Total,7728
13,181,Lincoln,D,Ossoff,AbsenteeMail,596
13,181,Lincoln,D,Ossoff,AdvancedVoting,521
13,181,Lincoln,D,Ossoff,ElectionDay,253
13,181,Lincoln,D,Ossoff,Provisional,0
13,181,Lincoln,D,Ossoff,Total,1370
13,181,Lincoln,L,Hazel,AbsenteeMail,25
13,181,Lincoln,L,Hazel,AdvancedVoting,36
13,181,Lincoln,L,Hazel,ElectionDay,22
13,181,Lincoln,L,Hazel,Provisional,0
13,181,Lincoln,L,Hazel,Total,83
13,181,Lincoln,R,Perdue,AbsenteeMail,418
13,181,Lincoln,R,Perdue,AdvancedVoting,1816
13,181,Lincoln,R,Perdue,ElectionDay,901
13,181,Lincoln,R,Perdue,Provisional,0
13,181,Lincoln,R,Perdue,Total,3135
13,183,Long,D,Ossoff,AbsenteeMail,484
13,183,Long,D,Ossoff,AdvancedVoting,1147
13,183,Long,D,Ossoff,ElectionDay,392
13,183,Long,D,Ossoff,Provisional,6
13,183,Long,D,Ossoff,Total,2029
13,183,Long,L,Hazel,AbsenteeMail,24
13,183,Long,L,Hazel,AdvancedVoting,76
13,183,Long,L,Hazel,ElectionDay,62
13,183,Long,L,Hazel,Provisional,1
13,183,Long,L,Hazel,Total,163
13,183,Long,R,Perdue,AbsenteeMail,258
13,183,Long,R,Perdue,AdvancedVoting,2054
13,183,Long,R,Perdue,ElectionDay,1068
13,183,Long,R,Perdue,Provisional,9
13,183,Long,R,Perdue,Total,3389
13,185,Lowndes,D,Ossoff,AbsenteeMail,5479
13,185,Lowndes,D,Ossoff,AdvancedVoting,10617
13,185,Lowndes,D,Ossoff,ElectionDay,2786
13,185,Lowndes,D,Ossoff,Provisional,242
13,185,Lowndes,D,Ossoff,Total,19124
13,185,Lowndes,L,Hazel,AbsenteeMail,190
13,185,Lowndes,L,Hazel,AdvancedVoting,532
13,185,Lowndes,L,Hazel,ElectionDay,282
13,185,Lowndes,L,Hazel,Provisional,24
13,185,Lowndes,L,Hazel,Total,1028
13,185,Lowndes,R,Perdue,AbsenteeMail,3357
13,185,Lowndes,R,Perdue,AdvancedVoting,16803
13,185,Lowndes,R,Perdue,ElectionDay,5299
13,185,Lowndes,R,Perdue,Provisional,161
13,185,Lowndes,R,Perdue,Total,25620
13,187,Lumpkin,D,Ossoff,AbsenteeMail,1129
13,187,Lumpkin,D,Ossoff,AdvancedVoting,1492
13,187,Lumpkin,D,Ossoff,ElectionDay,303
13,187,Lumpkin,D,Ossoff,Provisional,0
13,187,Lumpkin,D,Ossoff,Total,2924
13,187,Lumpkin,L,Hazel,AbsenteeMail,99
13,187,Lumpkin,L,Hazel,AdvancedVoting,275
13,187,Lumpkin,L,Hazel,ElectionDay,122
13,187,Lumpkin,L,Hazel,Provisional,0
13,187,Lumpkin,L,Hazel,Total,496
13,187,Lumpkin,R,Perdue,AbsenteeMail,1971
13,187,Lumpkin,R,Perdue,AdvancedVoting,7993
13,187,Lumpkin,R,Perdue,ElectionDay,1973
13,187,Lumpkin,R,Perdue,Provisional,0
13,187,Lumpkin,R,Perdue,Total,11937
13,193,Macon,D,Ossoff,AbsenteeMail,663
13,193,Macon,D,Ossoff,AdvancedVoting,1395
13,193,Macon,D,Ossoff,ElectionDay,669
13,193,Macon,D,Ossoff,Provisional,0
13,193,Macon,D,Ossoff,Total,2727
13,193,Macon,L,Hazel,AbsenteeMail,18
13,193,Macon,L,Hazel,AdvancedVoting,39
13,193,Macon,L,Hazel,ElectionDay,22
13,193,Macon,L,Hazel,Provisional,0
13,193,Macon,L,Hazel,Total,79
13,193,Macon,R,Perdue,AbsenteeMail,138
13,193,Macon,R,Perdue,AdvancedVoting,1301
13,193,Macon,R,Perdue,ElectionDay,348
13,193,Macon,R,Perdue,Provisional,0
13,193,Macon,R,Perdue,Total,1787
13,195,Madison,D,Ossoff,AbsenteeMail,1126
13,195,Madison,D,Ossoff,AdvancedVoting,1455
13,195,Madison,D,Ossoff,ElectionDay,683
13,195,Madison,D,Ossoff,Provisional,1
13,195,Madison,D,Ossoff,Total,3265
13,195,Madison,L,Hazel,AbsenteeMail,92
13,195,Madison,L,Hazel,AdvancedVoting,127
13,195,Madison,L,Hazel,ElectionDay,132
13,195,Madison,L,Hazel,Provisional,0
13,195,Madison,L,Hazel,Total,351
13,195,Madison,R,Perdue,AbsenteeMail,1659
13,195,Madison,R,Perdue,AdvancedVoting,6039
13,195,Madison,R,Perdue,ElectionDay,3253
13,195,Madison,R,Perdue,Provisional,2
13,195,Madison,R,Perdue,Total,10953
13,197,Marion,D,Ossoff,AbsenteeMail,440
13,197,Marion,D,Ossoff,AdvancedVoting,595
13,197,Marion,D,Ossoff,ElectionDay,232
13,197,Marion,D,Ossoff,Provisional,0
13,197,Marion,D,Ossoff,Total,1267
13,197,Marion,L,Hazel,AbsenteeMail,14
13,197,Marion,L,Hazel,AdvancedVoting,38
13,197,Marion,L,Hazel,ElectionDay,32
13,197,Marion,L,Hazel,Provisional,0
13,197,Marion,L,Hazel,Total,84
13,197,Marion,R,Perdue,AbsenteeMail,302
13,197,Marion,R,Perdue,AdvancedVoting,1222
13,197,Marion,R,Perdue,ElectionDay,724
13,197,Marion,R,Perdue,Provisional,0
13,197,Marion,R,Perdue,Total,2248
13,189,McDuffie,D,Ossoff,AbsenteeMail,1439
13,189,McDuffie,D,Ossoff,AdvancedVoting,1955
13,189,McDuffie,D,Ossoff,ElectionDay,574
13,189,McDuffie,D,Ossoff,Provisional,0
13,189,McDuffie,D,Ossoff,Total,3968
13,189,McDuffie,L,Hazel,AbsenteeMail,38
13,189,McDuffie,L,Hazel,AdvancedVoting,119
13,189,McDuffie,L,Hazel,ElectionDay,47
13,189,McDuffie,L,Hazel,Provisional,0
13,189,McDuffie,L,Hazel,Total,204
13,189,McDuffie,R,Perdue,AbsenteeMail,910
13,189,McDuffie,R,Perdue,AdvancedVoting,4447
13,189,McDuffie,R,Perdue,ElectionDay,841
13,189,McDuffie,R,Perdue,Provisional,0
13,189,McDuffie,R,Perdue,Total,6198
13,191,McIntosh,D,Ossoff,AbsenteeMail,808
13,191,McIntosh,D,Ossoff,AdvancedVoting,1266
13,191,McIntosh,D,Ossoff,ElectionDay,424
13,191,McIntosh,D,Ossoff,Provisional,0
13,191,McIntosh,D,Ossoff,Total,2498
13,191,McIntosh,L,Hazel,AbsenteeMail,32
13,191,McIntosh,L,Hazel,AdvancedVoting,54
13,191,McIntosh,L,Hazel,ElectionDay,51
13,191,McIntosh,L,Hazel,Provisional,0
13,191,McIntosh,L,Hazel,Total,137
13,191,McIntosh,R,Perdue,AbsenteeMail,802
13,191,McIntosh,R,Perdue,AdvancedVoting,2364
13,191,McIntosh,R,Perdue,ElectionDay,800
13,191,McIntosh,R,Perdue,Provisional,1
13,191,McIntosh,R,Perdue,Total,3967
13,199,Meriwether,D,Ossoff,AbsenteeMail,1378
13,199,Meriwether,D,Ossoff,AdvancedVoting,1575
13,199,Meriwether,D,Ossoff,ElectionDay,1177
13,199,Meriwether,D,Ossoff,Provisional,5
13,199,Meriwether,D,Ossoff,Total,4135
13,199,Meriwether,L,Hazel,AbsenteeMail,47
13,199,Meriwether,L,Hazel,AdvancedVoting,70
13,199,Meriwether,L,Hazel,ElectionDay,78
13,199,Meriwether,L,Hazel,Provisional,0
13,199,Meriwether,L,Hazel,Total,195
13,199,Meriwether,R,Perdue,AbsenteeMail,985
13,199,Meriwether,R,Perdue,AdvancedVoting,3281
13,199,Meriwether,R,Perdue,ElectionDay,2164
13,199,Meriwether,R,Perdue,Provisional,2
13,199,Meriwether,R,Perdue,Total,6432
13,201,Miller,D,Ossoff,AbsenteeMail,200
13,201,Miller,D,Ossoff,AdvancedVoting,321
13,201,Miller,D,Ossoff,ElectionDay,166
13,201,Miller,D,Ossoff,Provisional,0
13,201,Miller,D,Ossoff,Total,687
13,201,Miller,L,Hazel,AbsenteeMail,12
13,201,Miller,L,Hazel,AdvancedVoting,21
13,201,Miller,L,Hazel,ElectionDay,14
13,201,Miller,L,Hazel,Provisional,0
13,201,Miller,L,Hazel,Total,47
13,201,Miller,R,Perdue,AbsenteeMail,262
13,201,Miller,R,Perdue,AdvancedVoting,1258
13,201,Miller,R,Perdue,ElectionDay,525
13,201,Miller,R,Perdue,Provisional,2
13,201,Miller,R,Perdue,Total,2047
13,205,Mitchell,D,Ossoff,AbsenteeMail,1411
13,205,Mitchell,D,Ossoff,AdvancedVoting,1622
13,205,Mitchell,D,Ossoff,ElectionDay,794
13,205,Mitchell,D,Ossoff,Provisional,5
13,205,Mitchell,D,Ossoff,Total,3832
13,205,Mitchell,L,Hazel,AbsenteeMail,25
13,205,Mitchell,L,Hazel,AdvancedVoting,50
13,205,Mitchell,L,Hazel,ElectionDay,43
13,205,Mitchell,L,Hazel,Provisional,0
13,205,Mitchell,L,Hazel,Total,118
13,205,Mitchell,R,Perdue,AbsenteeMail,690
13,205,Mitchell,R,Perdue,AdvancedVoting,2690
13,205,Mitchell,R,Perdue,ElectionDay,1539
13,205,Mitchell,R,Perdue,Provisional,2
13,205,Mitchell,R,Perdue,Total,4921
13,207,Monroe,D,Ossoff,AbsenteeMail,1258
13,207,Monroe,D,Ossoff,AdvancedVoting,2244
13,207,Monroe,D,Ossoff,ElectionDay,701
13,207,Monroe,D,Ossoff,Provisional,2
13,207,Monroe,D,Ossoff,Total,4205
13,207,Monroe,L,Hazel,AbsenteeMail,55
13,207,Monroe,L,Hazel,AdvancedVoting,127
13,207,Monroe,L,Hazel,ElectionDay,112
13,207,Monroe,L,Hazel,Provisional,0
13,207,Monroe,L,Hazel,Total,294
13,207,Monroe,R,Perdue,AbsenteeMail,1060
13,207,Monroe,R,Perdue,AdvancedVoting,6858
13,207,Monroe,R,Perdue,ElectionDay,3005
13,207,Monroe,R,Perdue,Provisional,6
13,207,Monroe,R,Perdue,Total,10929
13,209,Montgomery,D,Ossoff,AbsenteeMail,279
13,209,Montgomery,D,Ossoff,AdvancedVoting,398
13,209,Montgomery,D,Ossoff,ElectionDay,251
13,209,Montgomery,D,Ossoff,Provisional,0
13,209,Montgomery,D,Ossoff,Total,928
13,209,Montgomery,L,Hazel,AbsenteeMail,9
13,209,Montgomery,L,Hazel,AdvancedVoting,23
13,209,Montgomery,L,Hazel,ElectionDay,30
13,209,Montgomery,L,Hazel,Provisional,0
13,209,Montgomery,L,Hazel,Total,62
13,209,Montgomery,R,Perdue,AbsenteeMail,353
13,209,Montgomery,R,Perdue,AdvancedVoting,1488
13,209,Montgomery,R,Perdue,ElectionDay,1085
13,209,Montgomery,R,Perdue,Provisional,0
13,209,Montgomery,R,Perdue,Total,2926
13,211,Morgan,D,Ossoff,AbsenteeMail,962
13,211,Morgan,D,Ossoff,AdvancedVoting,1721
13,211,Morgan,D,Ossoff,ElectionDay,467
13,211,Morgan,D,Ossoff,Provisional,1
13,211,Morgan,D,Ossoff,Total,3151
13,211,Morgan,L,Hazel,AbsenteeMail,62
13,211,Morgan,L,Hazel,AdvancedVoting,96
13,211,Morgan,L,Hazel,ElectionDay,59
13,211,Morgan,L,Hazel,Provisional,0
13,211,Morgan,L,Hazel,Total,217
13,211,Morgan,R,Perdue,AbsenteeMail,930
13,211,Morgan,R,Perdue,AdvancedVoting,5450
13,211,Morgan,R,Perdue,ElectionDay,1874
13,211,Morgan,R,Perdue,Provisional,3
13,211,Morgan,R,Perdue,Total,8257
13,213,Murray,D,Ossoff,AbsenteeMail,637
13,213,Murray,D,Ossoff,AdvancedVoting,1090
13,213,Murray,D,Ossoff,ElectionDay,569
13,213,Murray,D,Ossoff,Provisional,0
13,213,Murray,D,Ossoff,Total,2296
13,213,Murray,L,Hazel,AbsenteeMail,63
13,213,Murray,L,Hazel,AdvancedVoting,194
13,213,Murray,L,Hazel,ElectionDay,105
13,213,Murray,L,Hazel,Provisional,0
13,213,Murray,L,Hazel,Total,362
13,213,Murray,R,Perdue,AbsenteeMail,1275
13,213,Murray,R,Perdue,AdvancedVoting,7462
13,213,Murray,R,Perdue,ElectionDay,3756
13,213,Murray,R,Perdue,Provisional,0
13,213,Murray,R,Perdue,Total,12493
13,215,Muscogee,D,Ossoff,AbsenteeMail,16348
13,215,Muscogee,D,Ossoff,AdvancedVoting,24577
13,215,Muscogee,D,Ossoff,ElectionDay,6498
13,215,Muscogee,D,Ossoff,Provisional,28
13,215,Muscogee,D,Ossoff,Total,47451
13,215,Muscogee,L,Hazel,AbsenteeMail,481
13,215,Muscogee,L,Hazel,AdvancedVoting,822
13,215,Muscogee,L,Hazel,ElectionDay,460
13,215,Muscogee,L,Hazel,Provisional,3
13,215,Muscogee,L,Hazel,Total,1766
13,215,Muscogee,R,Perdue,AbsenteeMail,6599
13,215,Muscogee,R,Perdue,AdvancedVoting,17160
13,215,Muscogee,R,Perdue,ElectionDay,6417
13,215,Muscogee,R,Perdue,Provisional,18
13,215,Muscogee,R,Perdue,Total,30194
13,217,Newton,D,Ossoff,AbsenteeMail,10013
13,217,Newton,D,Ossoff,AdvancedVoting,12419
13,217,Newton,D,Ossoff,ElectionDay,6759
13,217,Newton,D,Ossoff,Provisional,16
13,217,Newton,D,Ossoff,Total,29207
13,217,Newton,L,Hazel,AbsenteeMail,340
13,217,Newton,L,Hazel,AdvancedVoting,325
13,217,Newton,L,Hazel,ElectionDay,481
13,217,Newton,L,Hazel,Provisional,4
13,217,Newton,L,Hazel,Total,1150
13,217,Newton,R,Perdue,AbsenteeMail,4713
13,217,Newton,R,Perdue,AdvancedVoting,8008
13,217,Newton,R,Perdue,ElectionDay,10672
13,217,Newton,R,Perdue,Provisional,14
13,217,Newton,R,Perdue,Total,23407
13,219,Oconee,D,Ossoff,AbsenteeMail,2695
13,219,Oconee,D,Ossoff,AdvancedVoting,4108
13,219,Oconee,D,Ossoff,ElectionDay,658
13,219,Oconee,D,Ossoff,Provisional,2
13,219,Oconee,D,Ossoff,Total,7463
13,219,Oconee,L,Hazel,AbsenteeMail,107
13,219,Oconee,L,Hazel,AdvancedVoting,303
13,219,Oconee,L,Hazel,ElectionDay,158
13,219,Oconee,L,Hazel,Provisional,1
13,219,Oconee,L,Hazel,Total,569
13,219,Oconee,R,Perdue,AbsenteeMail,2873
13,219,Oconee,R,Perdue,AdvancedVoting,11514
13,219,Oconee,R,Perdue,ElectionDay,2718
13,219,Oconee,R,Perdue,Provisional,2
13,219,Oconee,R,Perdue,Total,17107
13,221,Oglethorpe,D,Ossoff,AbsenteeMail,813
13,221,Oglethorpe,D,Ossoff,AdvancedVoting,1103
13,221,Oglethorpe,D,Ossoff,ElectionDay,405
13,221,Oglethorpe,D,Ossoff,Provisional,0
13,221,Oglethorpe,D,Ossoff,Total,2321
13,221,Oglethorpe,L,Hazel,AbsenteeMail,62
13,221,Oglethorpe,L,Hazel,AdvancedVoting,125
13,221,Oglethorpe,L,Hazel,ElectionDay,46
13,221,Oglethorpe,L,Hazel,Provisional,0
13,221,Oglethorpe,L,Hazel,Total,233
13,221,Oglethorpe,R,Perdue,AbsenteeMail,918
13,221,Oglethorpe,R,Perdue,AdvancedVoting,3534
13,221,Oglethorpe,R,Perdue,ElectionDay,1046
13,221,Oglethorpe,R,Perdue,Provisional,0
13,221,Oglethorpe,R,Perdue,Total,5498
13,223,Paulding,D,Ossoff,AbsenteeMail,9831
13,223,Paulding,D,Ossoff,AdvancedVoting,15138
13,223,Paulding,D,Ossoff,ElectionDay,3744
13,223,Paulding,D,Ossoff,Provisional,0
13,223,Paulding,D,Ossoff,Total,28713
13,223,Paulding,L,Hazel,AbsenteeMail,571
13,223,Paulding,L,Hazel,AdvancedVoting,1128
13,223,Paulding,L,Hazel,ElectionDay,604
13,223,Paulding,L,Hazel,Provisional,0
13,223,Paulding,L,Hazel,Total,2303
13,223,Paulding,R,Perdue,AbsenteeMail,9296
13,223,Paulding,R,Perdue,AdvancedVoting,34709
13,223,Paulding,R,Perdue,ElectionDay,9418
13,223,Paulding,R,Perdue,Provisional,0
13,223,Paulding,R,Perdue,Total,53423
13,225,Peach,D,Ossoff,AbsenteeMail,1638
13,225,Peach,D,Ossoff,AdvancedVoting,3259
13,225,Peach,D,Ossoff,ElectionDay,799
13,225,Peach,D,Ossoff,Provisional,6
13,225,Peach,D,Ossoff,Total,5702
13,225,Peach,L,Hazel,AbsenteeMail,44
13,225,Peach,L,Hazel,AdvancedVoting,152
13,225,Peach,L,Hazel,ElectionDay,50
13,225,Peach,L,Hazel,Provisional,1
13,225,Peach,L,Hazel,Total,247
13,225,Peach,R,Perdue,AbsenteeMail,808
13,225,Peach,R,Perdue,AdvancedVoting,4709
13,225,Peach,R,Perdue,ElectionDay,957
13,225,Peach,R,Perdue,Provisional,9
13,225,Peach,R,Perdue,Total,6483
13,227,Pickens,D,Ossoff,AbsenteeMail,1020
13,227,Pickens,D,Ossoff,AdvancedVoting,1003
13,227,Pickens,D,Ossoff,ElectionDay,655
13,227,Pickens,D,Ossoff,Provisional,0
13,227,Pickens,D,Ossoff,Total,2678
13,227,Pickens,L,Hazel,AbsenteeMail,70
13,227,Pickens,L,Hazel,AdvancedVoting,138
13,227,Pickens,L,Hazel,ElectionDay,223
13,227,Pickens,L,Hazel,Provisional,0
13,227,Pickens,L,Hazel,Total,431
13,227,Pickens,R,Perdue,AbsenteeMail,1776
13,227,Pickens,R,Perdue,AdvancedVoting,6209
13,227,Pickens,R,Perdue,ElectionDay,5867
13,227,Pickens,R,Perdue,Provisional,8
13,227,Pickens,R,Perdue,Total,13860
13,229,Pierce,D,Ossoff,AbsenteeMail,303
13,229,Pierce,D,Ossoff,AdvancedVoting,575
13,229,Pierce,D,Ossoff,ElectionDay,124
13,229,Pierce,D,Ossoff,Provisional,0
13,229,Pierce,D,Ossoff,Total,1002
13,229,Pierce,L,Hazel,AbsenteeMail,22
13,229,Pierce,L,Hazel,AdvancedVoting,78
13,229,Pierce,L,Hazel,ElectionDay,28
13,229,Pierce,L,Hazel,Provisional,0
13,229,Pierce,L,Hazel,Total,128
13,229,Pierce,R,Perdue,AbsenteeMail,926
13,229,Pierce,R,Perdue,AdvancedVoting,5700
13,229,Pierce,R,Perdue,ElectionDay,1184
13,229,Pierce,R,Perdue,Provisional,0
13,229,Pierce,R,Perdue,Total,7810
13,231,Pike,D,Ossoff,AbsenteeMail,479
13,231,Pike,D,Ossoff,AdvancedVoting,677
13,231,Pike,D,Ossoff,ElectionDay,272
13,231,Pike,D,Ossoff,Provisional,0
13,231,Pike,D,Ossoff,Total,1428
13,231,Pike,L,Hazel,AbsenteeMail,35
13,231,Pike,L,Hazel,AdvancedVoting,79
13,231,Pike,L,Hazel,ElectionDay,60
13,231,Pike,L,Hazel,Provisional,0
13,231,Pike,L,Hazel,Total,174
13,231,Pike,R,Perdue,AbsenteeMail,890
13,231,Pike,R,Perdue,AdvancedVoting,5834
13,231,Pike,R,Perdue,ElectionDay,2318
13,231,Pike,R,Perdue,Provisional,0
13,231,Pike,R,Perdue,Total,9042
13,233,Polk,D,Ossoff,AbsenteeMail,1004
13,233,Polk,D,Ossoff,AdvancedVoting,1914
13,233,Polk,D,Ossoff,ElectionDay,614
13,233,Polk,D,Ossoff,Provisional,5
13,233,Polk,D,Ossoff,Total,3537
13,233,Polk,L,Hazel,AbsenteeMail,89
13,233,Polk,L,Hazel,AdvancedVoting,214
13,233,Polk,L,Hazel,ElectionDay,112
13,233,Polk,L,Hazel,Provisional,1
13,233,Polk,L,Hazel,Total,416
13,233,Polk,R,Perdue,AbsenteeMail,1645
13,233,Polk,R,Perdue,AdvancedVoting,8862
13,233,Polk,R,Perdue,ElectionDay,2762
13,233,Polk,R,Perdue,Provisional,13
13,233,Polk,R,Perdue,Total,13282
13,235,Pulaski,D,Ossoff,AbsenteeMail,309
13,235,Pulaski,D,Ossoff,AdvancedVoting,677
13,235,Pulaski,D,Ossoff,ElectionDay,153
13,235,Pulaski,D,Ossoff,Provisional,0
13,235,Pulaski,D,Ossoff,Total,1139
13,235,Pulaski,L,Hazel,AbsenteeMail,14
13,235,Pulaski,L,Hazel,AdvancedVoting,48
13,235,Pulaski,L,Hazel,ElectionDay,17
13,235,Pulaski,L,Hazel,Provisional,0
13,235,Pulaski,L,Hazel,Total,79
13,235,Pulaski,R,Perdue,AbsenteeMail,314
13,235,Pulaski,R,Perdue,AdvancedVoting,2141
13,235,Pulaski,R,Perdue,ElectionDay,332
13,235,Pulaski,R,Perdue,Provisional,0
13,235,Pulaski,R,Perdue,Total,2787
13,237,Putnam,D,Ossoff,AbsenteeMail,1374
13,237,Putnam,D,Ossoff,AdvancedVoting,1464
13,237,Putnam,D,Ossoff,ElectionDay,461
13,237,Putnam,D,Ossoff,Provisional,0
13,237,Putnam,D,Ossoff,Total,3299
13,237,Putnam,L,Hazel,AbsenteeMail,60
13,237,Putnam,L,Hazel,AdvancedVoting,73
13,237,Putnam,L,Hazel,ElectionDay,56
13,237,Putnam,L,Hazel,Provisional,0
13,237,Putnam,L,Hazel,Total,189
13,237,Putnam,R,Perdue,AbsenteeMail,1764
13,237,Putnam,R,Perdue,AdvancedVoting,4978
13,237,Putnam,R,Perdue,ElectionDay,1536
13,237,Putnam,R,Perdue,Provisional,1
13,237,Putnam,R,Perdue,Total,8279
13,239,Quitman,D,Ossoff,AbsenteeMail,125
13,239,Quitman,D,Ossoff,AdvancedVoting,188
13,239,Quitman,D,Ossoff,ElectionDay,156
13,239,Quitman,D,Ossoff,Provisional,1
13,239,Quitman,D,Ossoff,Total,470
13,239,Quitman,L,Hazel,AbsenteeMail,3
13,239,Quitman,L,Hazel,AdvancedVoting,4
13,239,Quitman,L,Hazel,ElectionDay,8
13,239,Quitman,L,Hazel,Provisional,0
13,239,Quitman,L,Hazel,Total,15
13,239,Quitman,R,Perdue,AbsenteeMail,93
13,239,Quitman,R,Perdue,AdvancedVoting,349
13,239,Quitman,R,Perdue,ElectionDay,158
13,239,Quitman,R,Perdue,Provisional,0
13,239,Quitman,R,Perdue,Total,600
13,241,Rabun,D,Ossoff,AbsenteeMail,794
13,241,Rabun,D,Ossoff,AdvancedVoting,843
13,241,Rabun,D,Ossoff,ElectionDay,188
13,241,Rabun,D,Ossoff,Provisional,0
13,241,Rabun,D,Ossoff,Total,1825
13,241,Rabun,L,Hazel,AbsenteeMail,78
13,241,Rabun,L,Hazel,AdvancedVoting,111
13,241,Rabun,L,Hazel,ElectionDay,66
13,241,Rabun,L,Hazel,Provisional,0
13,241,Rabun,L,Hazel,Total,255
13,241,Rabun,R,Perdue,AbsenteeMail,1652
13,241,Rabun,R,Perdue,AdvancedVoting,4573
13,241,Rabun,R,Perdue,ElectionDay,1167
13,241,Rabun,R,Perdue,Provisional,0
13,241,Rabun,R,Perdue,Total,7392
13,243,Randolph,D,Ossoff,AbsenteeMail,437
13,243,Randolph,D,Ossoff,AdvancedVoting,771
13,243,Randolph,D,Ossoff,ElectionDay,395
13,243,Randolph,D,Ossoff,Provisional,3
13,243,Randolph,D,Ossoff,Total,1606
13,243,Randolph,L,Hazel,AbsenteeMail,6
13,243,Randolph,L,Hazel,AdvancedVoting,16
13,243,Randolph,L,Hazel,ElectionDay,9
13,243,Randolph,L,Hazel,Provisional,0
13,243,Randolph,L,Hazel,Total,31
13,243,Randolph,R,Perdue,AbsenteeMail,217
13,243,Randolph,R,Perdue,AdvancedVoting,866
13,243,Randolph,R,Perdue,ElectionDay,321
13,243,Randolph,R,Perdue,Provisional,0
13,243,Randolph,R,Perdue,Total,1404
13,245,Richmond,D,Ossoff,AbsenteeMail,19799
13,245,Richmond,D,Ossoff,AdvancedVoting,25080
13,245,Richmond,D,Ossoff,ElectionDay,11595
13,245,Richmond,D,Ossoff,Provisional,0
13,245,Richmond,D,Ossoff,Total,56474
13,245,Richmond,L,Hazel,AbsenteeMail,645
13,245,Richmond,L,Hazel,AdvancedVoting,769
13,245,Richmond,L,Hazel,ElectionDay,699
13,245,Richmond,L,Hazel,Provisional,0
13,245,Richmond,L,Hazel,Total,2113
13,245,Richmond,R,Perdue,AbsenteeMail,6321
13,245,Richmond,R,Perdue,AdvancedVoting,12128
13,245,Richmond,R,Perdue,ElectionDay,8524
13,245,Richmond,R,Perdue,Provisional,0
13,245,Richmond,R,Perdue,Total,26973
13,247,Rockdale,D,Ossoff,AbsenteeMail,8964
13,247,Rockdale,D,Ossoff,AdvancedVoting,18083
13,247,Rockdale,D,Ossoff,ElectionDay,3574
13,247,Rockdale,D,Ossoff,Provisional,20
13,247,Rockdale,D,Ossoff,Total,30641
13,247,Rockdale,L,Hazel,AbsenteeMail,227
13,247,Rockdale,L,Hazel,AdvancedVoting,462
13,247,Rockdale,L,Hazel,ElectionDay,217
13,247,Rockdale,L,Hazel,Provisional,0
13,247,Rockdale,L,Hazel,Total,906
13,247,Rockdale,R,Perdue,AbsenteeMail,2949
13,247,Rockdale,R,Perdue,AdvancedVoting,7335
13,247,Rockdale,R,Perdue,ElectionDay,2418
13,247,Rockdale,R,Perdue,Provisional,14
13,247,Rockdale,R,Perdue,Total,12716
13,249,Schley,D,Ossoff,AbsenteeMail,142
13,249,Schley,D,Ossoff,AdvancedVoting,234
13,249,Schley,D,Ossoff,ElectionDay,63
13,249,Schley,D,Ossoff,Provisional,0
13,249,Schley,D,Ossoff,Total,439
13,249,Schley,L,Hazel,AbsenteeMail,9
13,249,Schley,L,Hazel,AdvancedVoting,18
13,249,Schley,L,Hazel,ElectionDay,7
13,249,Schley,L,Hazel,Provisional,0
13,249,Schley,L,Hazel,Total,34
13,249,Schley,R,Perdue,AbsenteeMail,154
13,249,Schley,R,Perdue,AdvancedVoting,1325
13,249,Schley,R,Perdue,ElectionDay,303
13,249,Schley,R,Perdue,Provisional,1
13,249,Schley,R,Perdue,Total,1783
13,251,Screven,D,Ossoff,AbsenteeMail,729
13,251,Screven,D,Ossoff,AdvancedVoting,1251
13,251,Screven,D,Ossoff,ElectionDay,601
13,251,Screven,D,Ossoff,Provisional,8
13,251,Screven,D,Ossoff,Total,2589
13,251,Screven,L,Hazel,AbsenteeMail,7
13,251,Screven,L,Hazel,AdvancedVoting,29
13,251,Screven,L,Hazel,ElectionDay,29
13,251,Screven,L,Hazel,Provisional,0
13,251,Screven,L,Hazel,Total,65
13,251,Screven,R,Perdue,AbsenteeMail,524
13,251,Screven,R,Perdue,AdvancedVoting,2117
13,251,Screven,R,Perdue,ElectionDay,1243
13,251,Screven,R,Perdue,Provisional,8
13,251,Screven,R,Perdue,Total,3892
13,253,Seminole,D,Ossoff,AbsenteeMail,236
13,253,Seminole,D,Ossoff,AdvancedVoting,657
13,253,Seminole,D,Ossoff,ElectionDay,291
13,253,Seminole,D,Ossoff,Provisional,0
13,253,Seminole,D,Ossoff,Total,1184
13,253,Seminole,L,Hazel,AbsenteeMail,7
13,253,Seminole,L,Hazel,AdvancedVoting,26
13,253,Seminole,L,Hazel,ElectionDay,21
13,253,Seminole,L,Hazel,Provisional,0
13,253,Seminole,L,Hazel,Total,54
13,253,Seminole,R,Perdue,AbsenteeMail,267
13,253,Seminole,R,Perdue,AdvancedVoting,1392
13,253,Seminole,R,Perdue,ElectionDay,934
13,253,Seminole,R,Perdue,Provisional,0
13,253,Seminole,R,Perdue,Total,2593
13,255,Spalding,D,Ossoff,AbsenteeMail,3957
13,255,Spalding,D,Ossoff,AdvancedVoting,4498
13,255,Spalding,D,Ossoff,ElectionDay,2550
13,255,Spalding,D,Ossoff,Provisional,350
13,255,Spalding,D,Ossoff,Total,11355
13,255,Spalding,L,Hazel,AbsenteeMail,193
13,255,Spalding,L,Hazel,AdvancedVoting,190
13,255,Spalding,L,Hazel,ElectionDay,237
13,255,Spalding,L,Hazel,Provisional,21
13,255,Spalding,L,Hazel,Total,641
13,255,Spalding,R,Perdue,AbsenteeMail,3413
13,255,Spalding,R,Perdue,AdvancedVoting,8720
13,255,Spalding,R,Perdue,ElectionDay,5118
13,255,Spalding,R,Perdue,Provisional,517
13,255,Spalding,R,Perdue,Total,17768
13,257,Stephens,D,Ossoff,AbsenteeMail,687
13,257,Stephens,D,Ossoff,AdvancedVoting,1211
13,257,Stephens,D,Ossoff,ElectionDay,289
13,257,Stephens,D,Ossoff,Provisional,0
13,257,Stephens,D,Ossoff,Total,2187
13,257,Stephens,L,Hazel,AbsenteeMail,56
13,257,Stephens,L,Hazel,AdvancedVoting,118
13,257,Stephens,L,Hazel,ElectionDay,54
13,257,Stephens,L,Hazel,Provisional,0
13,257,Stephens,L,Hazel,Total,228
13,257,Stephens,R,Perdue,AbsenteeMail,1379
13,257,Stephens,R,Perdue,AdvancedVoting,6766
13,257,Stephens,R,Perdue,ElectionDay,1204
13,257,Stephens,R,Perdue,Provisional,4
13,257,Stephens,R,Perdue,Total,9353
13,259,Stewart,D,Ossoff,AbsenteeMail,349
13,259,Stewart,D,Ossoff,AdvancedVoting,477
13,259,Stewart,D,Ossoff,ElectionDay,282
13,259,Stewart,D,Ossoff,Provisional,7
13,259,Stewart,D,Ossoff,Total,1115
13,259,Stewart,L,Hazel,AbsenteeMail,4
13,259,Stewart,L,Hazel,AdvancedVoting,18
13,259,Stewart,L,Hazel,ElectionDay,13
13,259,Stewart,L,Hazel,Provisional,0
13,259,Stewart,L,Hazel,Total,35
13,259,Stewart,R,Perdue,AbsenteeMail,116
13,259,Stewart,R,Perdue,AdvancedVoting,457
13,259,Stewart,R,Perdue,ElectionDay,225
13,259,Stewart,R,Perdue,Provisional,5
13,259,Stewart,R,Perdue,Total,803
13,261,Sumter,D,Ossoff,AbsenteeMail,1930
13,261,Sumter,D,Ossoff,AdvancedVoting,3056
13,261,Sumter,D,Ossoff,ElectionDay,1122
13,261,Sumter,D,Ossoff,Provisional,6
13,261,Sumter,D,Ossoff,Total,6114
13,261,Sumter,L,Hazel,AbsenteeMail,30
13,261,Sumter,L,Hazel,AdvancedVoting,86
13,261,Sumter,L,Hazel,ElectionDay,49
13,261,Sumter,L,Hazel,Provisional,0
13,261,Sumter,L,Hazel,Total,165
13,261,Sumter,R,Perdue,AbsenteeMail,840
13,261,Sumter,R,Perdue,AdvancedVoting,3381
13,261,Sumter,R,Perdue,ElectionDay,1510
13,261,Sumter,R,Perdue,Provisional,12
13,261,Sumter,R,Perdue,Total,5743
13,263,Talbot,D,Ossoff,AbsenteeMail,873
13,263,Talbot,D,Ossoff,AdvancedVoting,611
13,263,Talbot,D,Ossoff,ElectionDay,528
13,263,Talbot,D,Ossoff,Provisional,0
13,263,Talbot,D,Ossoff,Total,2012
13,263,Talbot,L,Hazel,AbsenteeMail,15
13,263,Talbot,L,Hazel,AdvancedVoting,18
13,263,Talbot,L,Hazel,ElectionDay,18
13,263,Talbot,L,Hazel,Provisional,0
13,263,Talbot,L,Hazel,Total,51
13,263,Talbot,R,Perdue,AbsenteeMail,239
13,263,Talbot,R,Perdue,AdvancedVoting,680
13,263,Talbot,R,Perdue,ElectionDay,465
13,263,Talbot,R,Perdue,Provisional,0
13,263,Talbot,R,Perdue,Total,1384
13,265,Taliaferro,D,Ossoff,AbsenteeMail,210
13,265,Taliaferro,D,Ossoff,AdvancedVoting,214
13,265,Taliaferro,D,Ossoff,ElectionDay,97
13,265,Taliaferro,D,Ossoff,Provisional,0
13,265,Taliaferro,D,Ossoff,Total,521
13,265,Taliaferro,L,Hazel,AbsenteeMail,8
13,265,Taliaferro,L,Hazel,AdvancedVoting,5
13,265,Taliaferro,L,Hazel,ElectionDay,2
13,265,Taliaferro,L,Hazel,Provisional,0
13,265,Taliaferro,L,Hazel,Total,15
13,265,Taliaferro,R,Perdue,AbsenteeMail,66
13,265,Taliaferro,R,Perdue,AdvancedVoting,201
13,265,Taliaferro,R,Perdue,ElectionDay,99
13,265,Taliaferro,R,Perdue,Provisional,0
13,265,Taliaferro,R,Perdue,Total,366
13,267,Tattnall,D,Ossoff,AbsenteeMail,508
13,267,Tattnall,D,Ossoff,AdvancedVoting,1058
13,267,Tattnall,D,Ossoff,ElectionDay,412
13,267,Tattnall,D,Ossoff,Provisional,0
13,267,Tattnall,D,Ossoff,Total,1978
13,267,Tattnall,L,Hazel,AbsenteeMail,27
13,267,Tattnall,L,Hazel,AdvancedVoting,73
13,267,Tattnall,L,Hazel,ElectionDay,57
13,267,Tattnall,L,Hazel,Provisional,0
13,267,Tattnall,L,Hazel,Total,157
13,267,Tattnall,R,Perdue,AbsenteeMail,799
13,267,Tattnall,R,Perdue,AdvancedVoting,3658
13,267,Tattnall,R,Perdue,ElectionDay,1492
13,267,Tattnall,R,Perdue,Provisional,0
13,267,Tattnall,R,Perdue,Total,5949
13,269,Taylor,D,Ossoff,AbsenteeMail,451
13,269,Taylor,D,Ossoff,AdvancedVoting,586
13,269,Taylor,D,Ossoff,ElectionDay,273
13,269,Taylor,D,Ossoff,Provisional,2
13,269,Taylor,D,Ossoff,Total,1312
13,269,Taylor,L,Hazel,AbsenteeMail,16
13,269,Taylor,L,Hazel,AdvancedVoting,53
13,269,Taylor,L,Hazel,ElectionDay,12
13,269,Taylor,L,Hazel,Provisional,0
13,269,Taylor,L,Hazel,Total,81
13,269,Taylor,R,Perdue,AbsenteeMail,298
13,269,Taylor,R,Perdue,AdvancedVoting,1743
13,269,Taylor,R,Perdue,ElectionDay,346
13,269,Taylor,R,Perdue,Provisional,12
13,269,Taylor,R,Perdue,Total,2399
13,271,Telfair,D,Ossoff,AbsenteeMail,578
13,271,Telfair,D,Ossoff,AdvancedVoting,541
13,271,Telfair,D,Ossoff,ElectionDay,309
13,271,Telfair,D,Ossoff,Provisional,0
13,271,Telfair,D,Ossoff,Total,1428
13,271,Telfair,L,Hazel,AbsenteeMail,11
13,271,Telfair,L,Hazel,AdvancedVoting,32
13,271,Telfair,L,Hazel,ElectionDay,25
13,271,Telfair,L,Hazel,Provisional,0
13,271,Telfair,L,Hazel,Total,68
13,271,Telfair,R,Perdue,AbsenteeMail,356
13,271,Telfair,R,Perdue,AdvancedVoting,1461
13,271,Telfair,R,Perdue,ElectionDay,932
13,271,Telfair,R,Perdue,Provisional,0
13,271,Telfair,R,Perdue,Total,2749
13,273,Terrell,D,Ossoff,AbsenteeMail,805
13,273,Terrell,D,Ossoff,AdvancedVoting,923
13,273,Terrell,D,Ossoff,ElectionDay,548
13,273,Terrell,D,Ossoff,Provisional,1
13,273,Terrell,D,Ossoff,Total,2277
13,273,Terrell,L,Hazel,AbsenteeMail,14
13,273,Terrell,L,Hazel,AdvancedVoting,26
13,273,Terrell,L,Hazel,ElectionDay,18
13,273,Terrell,L,Hazel,Provisional,0
13,273,Terrell,L,Hazel,Total,58
13,273,Terrell,R,Perdue,AbsenteeMail,273
13,273,Terrell,R,Perdue,AdvancedVoting,1092
13,273,Terrell,R,Perdue,ElectionDay,675
13,273,Terrell,R,Perdue,Provisional,0
13,273,Terrell,R,Perdue,Total,2040
13,275,Thomas,D,Ossoff,AbsenteeMail,2199
13,275,Thomas,D,Ossoff,AdvancedVoting,4568
13,275,Thomas,D,Ossoff,ElectionDay,1387
13,275,Thomas,D,Ossoff,Provisional,4
13,275,Thomas,D,Ossoff,Total,8158
13,275,Thomas,L,Hazel,AbsenteeMail,82
13,275,Thomas,L,Hazel,AdvancedVoting,202
13,275,Thomas,L,Hazel,ElectionDay,138
13,275,Thomas,L,Hazel,Provisional,0
13,275,Thomas,L,Hazel,Total,422
13,275,Thomas,R,Perdue,AbsenteeMail,1665
13,275,Thomas,R,Perdue,AdvancedVoting,8646
13,275,Thomas,R,Perdue,ElectionDay,2708
13,275,Thomas,R,Perdue,Provisional,1
13,275,Thomas,R,Perdue,Total,13020
13,277,Tift,D,Ossoff,AbsenteeMail,1304
13,277,Tift,D,Ossoff,AdvancedVoting,2590
13,277,Tift,D,Ossoff,ElectionDay,1048
13,277,Tift,D,Ossoff,Provisional,14
13,277,Tift,D,Ossoff,Total,4956
13,277,Tift,L,Hazel,AbsenteeMail,54
13,277,Tift,L,Hazel,AdvancedVoting,145
13,277,Tift,L,Hazel,ElectionDay,104
13,277,Tift,L,Hazel,Provisional,2
13,277,Tift,L,Hazel,Total,305
13,277,Tift,R,Perdue,AbsenteeMail,1247
13,277,Tift,R,Perdue,AdvancedVoting,6853
13,277,Tift,R,Perdue,ElectionDay,2703
13,277,Tift,R,Perdue,Provisional,11
13,277,Tift,R,Perdue,Total,10814
13,279,Toombs,D,Ossoff,AbsenteeMail,1001
13,279,Toombs,D,Ossoff,AdvancedVoting,1251
13,279,Toombs,D,Ossoff,ElectionDay,574
13,279,Toombs,D,Ossoff,Provisional,6
13,279,Toombs,D,Ossoff,Total,2832
13,279,Toombs,L,Hazel,AbsenteeMail,45
13,279,Toombs,L,Hazel,AdvancedVoting,85
13,279,Toombs,L,Hazel,ElectionDay,43
13,279,Toombs,L,Hazel,Provisional,0
13,279,Toombs,L,Hazel,Total,173
13,279,Toombs,R,Perdue,AbsenteeMail,1191
13,279,Toombs,R,Perdue,AdvancedVoting,4820
13,279,Toombs,R,Perdue,ElectionDay,1778
13,279,Toombs,R,Perdue,Provisional,4
13,279,Toombs,R,Perdue,Total,7793
13,281,Towns,D,Ossoff,AbsenteeMail,655
13,281,Towns,D,Ossoff,AdvancedVoting,672
13,281,Towns,D,Ossoff,ElectionDay,123
13,281,Towns,D,Ossoff,Provisional,1
13,281,Towns,D,Ossoff,Total,1451
13,281,Towns,L,Hazel,AbsenteeMail,49
13,281,Towns,L,Hazel,AdvancedVoting,63
13,281,Towns,L,Hazel,ElectionDay,34
13,281,Towns,L,Hazel,Provisional,0
13,281,Towns,L,Hazel,Total,146
13,281,Towns,R,Perdue,AbsenteeMail,1199
13,281,Towns,R,Perdue,AdvancedVoting,4129
13,281,Towns,R,Perdue,ElectionDay,955
13,281,Towns,R,Perdue,Provisional,8
13,281,Towns,R,Perdue,Total,6291
13,283,Treutlen,D,Ossoff,AbsenteeMail,269
13,283,Treutlen,D,Ossoff,AdvancedVoting,505
13,283,Treutlen,D,Ossoff,ElectionDay,119
13,283,Treutlen,D,Ossoff,Provisional,0
13,283,Treutlen,D,Ossoff,Total,893
13,283,Treutlen,L,Hazel,AbsenteeMail,8
13,283,Treutlen,L,Hazel,AdvancedVoting,26
13,283,Treutlen,L,Hazel,ElectionDay,18
13,283,Treutlen,L,Hazel,Provisional,0
13,283,Treutlen,L,Hazel,Total,52
13,283,Treutlen,R,Perdue,AbsenteeMail,280
13,283,Treutlen,R,Perdue,AdvancedVoting,1393
13,283,Treutlen,R,Perdue,ElectionDay,405
13,283,Treutlen,R,Perdue,Provisional,0
13,283,Treutlen,R,Perdue,Total,2078
13,285,Troup,D,Ossoff,AbsenteeMail,3238
13,285,Troup,D,Ossoff,AdvancedVoting,5118
13,285,Troup,D,Ossoff,ElectionDay,2736
13,285,Troup,D,Ossoff,Provisional,26
13,285,Troup,D,Ossoff,Total,11118
13,285,Troup,L,Hazel,AbsenteeMail,114
13,285,Troup,L,Hazel,AdvancedVoting,214
13,285,Troup,L,Hazel,ElectionDay,205
13,285,Troup,L,Hazel,Provisional,3
13,285,Troup,L,Hazel,Total,536
13,285,Troup,R,Perdue,AbsenteeMail,2906
13,285,Troup,R,Perdue,AdvancedVoting,10556
13,285,Troup,R,Perdue,ElectionDay,4656
13,285,Troup,R,Perdue,Provisional,47
13,285,Troup,R,Perdue,Total,18165
13,287,Turner,D,Ossoff,AbsenteeMail,269
13,287,Turner,D,Ossoff,AdvancedVoting,753
13,287,Turner,D,Ossoff,ElectionDay,322
13,287,Turner,D,Ossoff,Provisional,1
13,287,Turner,D,Ossoff,Total,1345
13,287,Turner,L,Hazel,AbsenteeMail,8
13,287,Turner,L,Hazel,AdvancedVoting,34
13,287,Turner,L,Hazel,ElectionDay,20
13,287,Turner,L,Hazel,Provisional,0
13,287,Turner,L,Hazel,Total,62
13,287,Turner,R,Perdue,AbsenteeMail,234
13,287,Turner,R,Perdue,AdvancedVoting,1733
13,287,Turner,R,Perdue,ElectionDay,366
13,287,Turner,R,Perdue,Provisional,1
13,287,Turner,R,Perdue,Total,2334
13,289,Twiggs,D,Ossoff,AbsenteeMail,686
13,289,Twiggs,D,Ossoff,AdvancedVoting,862
13,289,Twiggs,D,Ossoff,ElectionDay,431
13,289,Twiggs,D,Ossoff,Provisional,0
13,289,Twiggs,D,Ossoff,Total,1979
13,289,Twiggs,L,Hazel,AbsenteeMail,19
13,289,Twiggs,L,Hazel,AdvancedVoting,33
13,289,Twiggs,L,Hazel,ElectionDay,35
13,289,Twiggs,L,Hazel,Provisional,0
13,289,Twiggs,L,Hazel,Total,87
13,289,Twiggs,R,Perdue,AbsenteeMail,314
13,289,Twiggs,R,Perdue,AdvancedVoting,1190
13,289,Twiggs,R,Perdue,ElectionDay,807
13,289,Twiggs,R,Perdue,Provisional,0
13,289,Twiggs,R,Perdue,Total,2311
13,291,Union,D,Ossoff,AbsenteeMail,1169
13,291,Union,D,Ossoff,AdvancedVoting,1155
13,291,Union,D,Ossoff,ElectionDay,292
13,291,Union,D,Ossoff,Provisional,0
13,291,Union,D,Ossoff,Total,2616
13,291,Union,L,Hazel,AbsenteeMail,91
13,291,Union,L,Hazel,AdvancedVoting,146
13,291,Union,L,Hazel,ElectionDay,102
13,291,Union,L,Hazel,Provisional,0
13,291,Union,L,Hazel,Total,339
13,291,Union,R,Perdue,AbsenteeMail,2184
13,291,Union,R,Perdue,AdvancedVoting,6901
13,291,Union,R,Perdue,ElectionDay,3327
13,291,Union,R,Perdue,Provisional,11
13,291,Union,R,Perdue,Total,12423
13,293,Upson,D,Ossoff,AbsenteeMail,1474
13,293,Upson,D,Ossoff,AdvancedVoting,1910
13,293,Upson,D,Ossoff,ElectionDay,616
13,293,Upson,D,Ossoff,Provisional,0
13,293,Upson,D,Ossoff,Total,4000
13,293,Upson,L,Hazel,AbsenteeMail,55
13,293,Upson,L,Hazel,AdvancedVoting,107
13,293,Upson,L,Hazel,ElectionDay,54
13,293,Upson,L,Hazel,Provisional,0
13,293,Upson,L,Hazel,Total,216
13,293,Upson,R,Perdue,AbsenteeMail,1170
13,293,Upson,R,Perdue,AdvancedVoting,6038
13,293,Upson,R,Perdue,ElectionDay,1355
13,293,Upson,R,Perdue,Provisional,0
13,293,Upson,R,Perdue,Total,8563
13,295,Walker,D,Ossoff,AbsenteeMail,1997
13,295,Walker,D,Ossoff,AdvancedVoting,2483
13,295,Walker,D,Ossoff,ElectionDay,952
13,295,Walker,D,Ossoff,Provisional,3
13,295,Walker,D,Ossoff,Total,5435
13,295,Walker,L,Hazel,AbsenteeMail,155
13,295,Walker,L,Hazel,AdvancedVoting,425
13,295,Walker,L,Hazel,ElectionDay,303
13,295,Walker,L,Hazel,Provisional,0
13,295,Walker,L,Hazel,Total,883
13,295,Walker,R,Perdue,AbsenteeMail,3415
13,295,Walker,R,Perdue,AdvancedVoting,13805
13,295,Walker,R,Perdue,ElectionDay,5423
13,295,Walker,R,Perdue,Provisional,7
13,295,Walker,R,Perdue,Total,22650
13,297,Walton,D,Ossoff,AbsenteeMail,3932
13,297,Walton,D,Ossoff,AdvancedVoting,6107
13,297,Walton,D,Ossoff,ElectionDay,2063
13,297,Walton,D,Ossoff,Provisional,0
13,297,Walton,D,Ossoff,Total,12102
13,297,Walton,L,Hazel,AbsenteeMail,275
13,297,Walton,L,Hazel,AdvancedVoting,520
13,297,Walton,L,Hazel,ElectionDay,391
13,297,Walton,L,Hazel,Provisional,0
13,297,Walton,L,Hazel,Total,1186
13,297,Walton,R,Perdue,AbsenteeMail,5925
13,297,Walton,R,Perdue,AdvancedVoting,22431
13,297,Walton,R,Perdue,ElectionDay,8813
13,297,Walton,R,Perdue,Provisional,0
13,297,Walton,R,Perdue,Total,37169
13,299,Ware,D,Ossoff,AbsenteeMail,1484
13,299,Ware,D,Ossoff,AdvancedVoting,1953
13,299,Ware,D,Ossoff,ElectionDay,536
13,299,Ware,D,Ossoff,Provisional,0
13,299,Ware,D,Ossoff,Total,3973
13,299,Ware,L,Hazel,AbsenteeMail,51
13,299,Ware,L,Hazel,AdvancedVoting,137
13,299,Ware,L,Hazel,ElectionDay,81
13,299,Ware,L,Hazel,Provisional,0
13,299,Ware,L,Hazel,Total,269
13,299,Ware,R,Perdue,AbsenteeMail,1431
13,299,Ware,R,Perdue,AdvancedVoting,5864
13,299,Ware,R,Perdue,ElectionDay,2538
13,299,Ware,R,Perdue,Provisional,0
13,299,Ware,R,Perdue,Total,9833
13,301,Warren,D,Ossoff,AbsenteeMail,517
13,301,Warren,D,Ossoff,AdvancedVoting,616
13,301,Warren,D,Ossoff,ElectionDay,291
13,301,Warren,D,Ossoff,Provisional,0
13,301,Warren,D,Ossoff,Total,1424
13,301,Warren,L,Hazel,AbsenteeMail,12
13,301,Warren,L,Hazel,AdvancedVoting,23
13,301,Warren,L,Hazel,ElectionDay,11
13,301,Warren,L,Hazel,Provisional,0
13,301,Warren,L,Hazel,Total,46
13,301,Warren,R,Perdue,AbsenteeMail,215
13,301,Warren,R,Perdue,AdvancedVoting,767
13,301,Warren,R,Perdue,ElectionDay,190
13,301,Warren,R,Perdue,Provisional,0
13,301,Warren,R,Perdue,Total,1172
13,303,Washington,D,Ossoff,AbsenteeMail,1661
13,303,Washington,D,Ossoff,AdvancedVoting,1790
13,303,Washington,D,Ossoff,ElectionDay,1020
13,303,Washington,D,Ossoff,Provisional,6
13,303,Washington,D,Ossoff,Total,4477
13,303,Washington,L,Hazel,AbsenteeMail,45
13,303,Washington,L,Hazel,AdvancedVoting,64
13,303,Washington,L,Hazel,ElectionDay,63
13,303,Washington,L,Hazel,Provisional,0
13,303,Washington,L,Hazel,Total,172
13,303,Washington,R,Perdue,AbsenteeMail,730
13,303,Washington,R,Perdue,AdvancedVoting,2441
13,303,Washington,R,Perdue,ElectionDay,1455
13,303,Washington,R,Perdue,Provisional,4
13,303,Washington,R,Perdue,Total,4630
13,305,Wayne,D,Ossoff,AbsenteeMail,705
13,305,Wayne,D,Ossoff,AdvancedVoting,1482
13,305,Wayne,D,Ossoff,ElectionDay,466
13,305,Wayne,D,Ossoff,Provisional,2
13,305,Wayne,D,Ossoff,Total,2655
13,305,Wayne,L,Hazel,AbsenteeMail,55
13,305,Wayne,L,Hazel,AdvancedVoting,120
13,305,Wayne,L,Hazel,ElectionDay,69
13,305,Wayne,L,Hazel,Provisional,0
13,305,Wayne,L,Hazel,Total,244
13,305,Wayne,R,Perdue,AbsenteeMail,1280
13,305,Wayne,R,Perdue,AdvancedVoting,6022
13,305,Wayne,R,Perdue,ElectionDay,2426
13,305,Wayne,R,Perdue,Provisional,6
13,305,Wayne,R,Perdue,Total,9734
13,307,Webster,D,Ossoff,AbsenteeMail,215
13,307,Webster,D,Ossoff,AdvancedVoting,270
13,307,Webster,D,Ossoff,ElectionDay,141
13,307,Webster,D,Ossoff,Provisional,0
13,307,Webster,D,Ossoff,Total,626
13,307,Webster,L,Hazel,AbsenteeMail,3
13,307,Webster,L,Hazel,AdvancedVoting,5
13,307,Webster,L,Hazel,ElectionDay,2
13,307,Webster,L,Hazel,Provisional,0
13,307,Webster,L,Hazel,Total,10
13,307,Webster,R,Perdue,AbsenteeMail,122
13,307,Webster,R,Perdue,AdvancedVoting,478
13,307,Webster,R,Perdue,ElectionDay,136
13,307,Webster,R,Perdue,Provisional,0
13,307,Webster,R,Perdue,Total,736
13,309,Wheeler,D,Ossoff,AbsenteeMail,191
13,309,Wheeler,D,Ossoff,AdvancedVoting,284
13,309,Wheeler,D,Ossoff,ElectionDay,181
13,309,Wheeler,D,Ossoff,Provisional,0
13,309,Wheeler,D,Ossoff,Total,656
13,309,Wheeler,L,Hazel,AbsenteeMail,3
13,309,Wheeler,L,Hazel,AdvancedVoting,23
13,309,Wheeler,L,Hazel,ElectionDay,9
13,309,Wheeler,L,Hazel,Provisional,0
13,309,Wheeler,L,Hazel,Total,35
13,309,Wheeler,R,Perdue,AbsenteeMail,194
13,309,Wheeler,R,Perdue,AdvancedVoting,924
13,309,Wheeler,R,Perdue,ElectionDay,444
13,309,Wheeler,R,Perdue,Provisional,0
13,309,Wheeler,R,Perdue,Total,1562
13,311,White,D,Ossoff,AbsenteeMail,879
13,311,White,D,Ossoff,AdvancedVoting,1015
13,311,White,D,Ossoff,ElectionDay,379
13,311,White,D,Ossoff,Provisional,0
13,311,White,D,Ossoff,Total,2273
13,311,White,L,Hazel,AbsenteeMail,86
13,311,White,L,Hazel,AdvancedVoting,155
13,311,White,L,Hazel,ElectionDay,130
13,311,White,L,Hazel,Provisional,0
13,311,White,L,Hazel,Total,371
13,311,White,R,Perdue,AbsenteeMail,2046
13,311,White,R,Perdue,AdvancedVoting,6634
13,311,White,R,Perdue,ElectionDay,3386
13,311,White,R,Perdue,Provisional,6
13,311,White,R,Perdue,Total,12072
13,313,Whitfield,D,Ossoff,AbsenteeMail,2593
13,313,Whitfield,D,Ossoff,AdvancedVoting,4799
13,313,Whitfield,D,Ossoff,ElectionDay,2767
13,313,Whitfield,D,Ossoff,Provisional,18
13,313,Whitfield,D,Ossoff,Total,10177
13,313,Whitfield,L,Hazel,AbsenteeMail,175
13,313,Whitfield,L,Hazel,AdvancedVoting,388
13,313,Whitfield,L,Hazel,ElectionDay,398
13,313,Whitfield,L,Hazel,Provisional,1
13,313,Whitfield,L,Hazel,Total,962
13,313,Whitfield,R,Perdue,AbsenteeMail,3444
13,313,Whitfield,R,Perdue,AdvancedVoting,12957
13,313,Whitfield,R,Perdue,ElectionDay,8713
13,313,Whitfield,R,Perdue,Provisional,44
13,313,Whitfield,R,Perdue,Total,25158
13,315,Wilcox,D,Ossoff,AbsenteeMail,181
13,315,Wilcox,D,Ossoff,AdvancedVoting,346
13,315,Wilcox,D,Ossoff,ElectionDay,278
13,315,Wilcox,D,Ossoff,Provisional,0
13,315,Wilcox,D,Ossoff,Total,805
13,315,Wilcox,L,Hazel,AbsenteeMail,12
13,315,Wilcox,L,Hazel,AdvancedVoting,25
13,315,Wilcox,L,Hazel,ElectionDay,19
13,315,Wilcox,L,Hazel,Provisional,0
13,315,Wilcox,L,Hazel,Total,56
13,315,Wilcox,R,Perdue,AbsenteeMail,338
13,315,Wilcox,R,Perdue,AdvancedVoting,1303
13,315,Wilcox,R,Perdue,ElectionDay,728
13,315,Wilcox,R,Perdue,Provisional,0
13,315,Wilcox,R,Perdue,Total,2369
13,317,Wilkes,D,Ossoff,AbsenteeMail,709
13,317,Wilkes,D,Ossoff,AdvancedVoting,863
13,317,Wilkes,D,Ossoff,ElectionDay,482
13,317,Wilkes,D,Ossoff,Provisional,3
13,317,Wilkes,D,Ossoff,Total,2057
13,317,Wilkes,L,Hazel,AbsenteeMail,17
13,317,Wilkes,L,Hazel,AdvancedVoting,35
13,317,Wilkes,L,Hazel,ElectionDay,26
13,317,Wilkes,L,Hazel,Provisional,0
13,317,Wilkes,L,Hazel,Total,78
13,317,Wilkes,R,Perdue,AbsenteeMail,458
13,317,Wilkes,R,Perdue,AdvancedVoting,1644
13,317,Wilkes,R,Perdue,ElectionDay,705
13,317,Wilkes,R,Perdue,Provisional,3
13,317,Wilkes,R,Perdue,Total,2810
13,319,Wilkinson,D,Ossoff,AbsenteeMail,575
13,319,Wilkinson,D,Ossoff,AdvancedVoting,914
13,319,Wilkinson,D,Ossoff,ElectionDay,525
13,319,Wilkinson,D,Ossoff,Provisional,3
13,319,Wilkinson,D,Ossoff,Total,2017
13,319,Wilkinson,L,Hazel,AbsenteeMail,20
13,319,Wilkinson,L,Hazel,AdvancedVoting,27
13,319,Wilkinson,L,Hazel,ElectionDay,32
13,319,Wilkinson,L,Hazel,Provisional,0
13,319,Wilkinson,L,Hazel,Total,79
13,319,Wilkinson,R,Perdue,AbsenteeMail,239
13,319,Wilkinson,R,Perdue,AdvancedVoting,1099
13,319,Wilkinson,R,Perdue,ElectionDay,1267
13,319,Wilkinson,R,Perdue,Provisional,3
13,319,Wilkinson,R,Perdue,Total,2608
13,321,Worth,D,Ossoff,AbsenteeMail,781
13,321,Worth,D,Ossoff,AdvancedVoting,966
13,321,Worth,D,Ossoff,ElectionDay,580
13,321,Worth,D,Ossoff,Provisional,0
13,321,Worth,D,Ossoff,Total,2327
13,321,Worth,L,Hazel,AbsenteeMail,28
13,321,Worth,L,Hazel,AdvancedVoting,73
13,321,Worth,L,Hazel,ElectionDay,56
13,321,Worth,L,Hazel,Provisional,0
13,321,Worth,L,Hazel,Total,157
13,321,Worth,R,Perdue,AbsenteeMail,753
13,321,Worth,R,Perdue,AdvancedVoting,3242
13,321,Worth,R,Perdue,ElectionDay,2729
13,321,Worth,R,Perdue,Provisional,0
13,321,Worth,R,Perdue,Total,6724